text_unit_ids,entity_ids,id
6a6b204fca456cc0d7497c7446519292,"['b45241d70f0e43fca764df95b2b81f77' '4119fd06010c494caa07f439b333f4c5'
 'd3835bf3dda84ead99deadbeac5d0d7d' '077d2820ae1845bcbb1803379a3d1eae'
 '3671ea0dd4e84c1a9b02c5ab2c8f4bac' '19a7f254a5d64566ab5cc15472df02de']",6a6b204fca456cc0d7497c7446519292
52193089f44e2d4de3eae704535af318,"['4119fd06010c494caa07f439b333f4c5' '3d6b216c14354332b1bf1927ba168986'
 '17ed1d92075643579a712cc6c29e8ddb' '3f3a2d7aa1294116814f0b4d89baa23d'
 '3073b33926bd4f33807ffa3befacefaf' '2b916117691c4872a9c4e4888d4fe4ab']",52193089f44e2d4de3eae704535af318
678f6e80926121e103efae5e48a8c9f2,"['4119fd06010c494caa07f439b333f4c5' 'e657b5121ff8456b9a610cfaead8e0cb'
 '3d6b216c14354332b1bf1927ba168986' 'ef32c4b208d041cc856f6837915dc1b0'
 '07b2425216bd4f0aa4e079827cb48ef5' '2670deebfa3f4d69bb82c28ab250a209'
 '404309e89a5241d6bff42c05a45df206' 'b785a9025069417f94950ad231bb1441'
 '3b6cd96a27304614850709aba1c9598b']",678f6e80926121e103efae5e48a8c9f2
725fed5878bff0529e13ba809e325469,"['4119fd06010c494caa07f439b333f4c5' '077d2820ae1845bcbb1803379a3d1eae'
 '3671ea0dd4e84c1a9b02c5ab2c8f4bac' 'e69dc259edb944ea9ea41264b9fcfe59'
 'e657b5121ff8456b9a610cfaead8e0cb' 'fbeef791d19b413a9c93c6608286ab63'
 '52701d941dfb45359693baae8f267056']",725fed5878bff0529e13ba809e325469
7db76b99a4ad703f2ced3f3241ae2de7,"['4119fd06010c494caa07f439b333f4c5' '077d2820ae1845bcbb1803379a3d1eae'
 '254770028d7a4fa9877da4ba0ad5ad21' 'e69dc259edb944ea9ea41264b9fcfe59'
 'fbeef791d19b413a9c93c6608286ab63' '53d98f08e7c74158b7318357b6c660b3']",7db76b99a4ad703f2ced3f3241ae2de7
8ae4de39dd9ba11cfa17e06a2174416b,"['4119fd06010c494caa07f439b333f4c5' '077d2820ae1845bcbb1803379a3d1eae'
 '3671ea0dd4e84c1a9b02c5ab2c8f4bac' 'e657b5121ff8456b9a610cfaead8e0cb'
 'fbeef791d19b413a9c93c6608286ab63' 'b07a7f088364459098cd8511ff27a4c8'
 '1389192ce5464be6b3b5749bc9536709']",8ae4de39dd9ba11cfa17e06a2174416b
c94be7ba5abf1f79d420aac7fe8bae2e,"['4119fd06010c494caa07f439b333f4c5' 'e657b5121ff8456b9a610cfaead8e0cb'
 '3d6b216c14354332b1bf1927ba168986' 'fc01e9baa80e417c9206f941bb279407'
 'de61b2670999433f807a6a1dc2b81e43' '3e95dacfe57b4d57b5da4310ef2e157f'
 '1f1545308e9347af91fd03b94aadc21f']",c94be7ba5abf1f79d420aac7fe8bae2e
cd60c553dba9bff40c77be4f699fab03,"['4119fd06010c494caa07f439b333f4c5' '17ed1d92075643579a712cc6c29e8ddb'
 'fa3c4204421c48609e52c8de2da4c654' '53af055f068244d0ac861b2e89376495'
 'c03ab3ce8cb74ad2a03b94723bfab3c7' 'ed6d2eee9d7b4f5db466b1f6404d31cc'
 'fc01e9baa80e417c9206f941bb279407' '56d0e5ebe79e4814bd1463cf6ca21394']",cd60c553dba9bff40c77be4f699fab03
cd97ce82b07072c24ffdddbbf2a468a4,"['4119fd06010c494caa07f439b333f4c5' 'ce55841ebfdd47008bab8c258f10372e'
 '6fefb317687d4ac98efe39a52f3e190f' '320d9d91238948a8be67972ccceab878']",cd97ce82b07072c24ffdddbbf2a468a4
cdeb6a80c5f50f79066c94f515892c2d,"['4119fd06010c494caa07f439b333f4c5' 'b07a7f088364459098cd8511ff27a4c8'
 '9a6f414210e14841a5b0e661aedc898d' 'c12b9ebd8b4e42b7896822a32e3fa6eb'
 '27505f6ade4b4e5f9316ffe9c34821f7' '0ee7db2c6bea4630ba9f0c25e8a967ad'
 '5a6c1d15424149f69052cd8d91fbff75' 'd005bf75c31d4848ad7041f39651e59c'
 '9b3eef8f3a3a45e6873838db95295b8a' 'fdc954b454744820804d7798f3e0b5de'
 '49c1383836934ec495c3b35769100a73']",cdeb6a80c5f50f79066c94f515892c2d
d50dbe44b899b4cfaf149cb3fd0c4159,"['4119fd06010c494caa07f439b333f4c5' '077d2820ae1845bcbb1803379a3d1eae'
 '19a7f254a5d64566ab5cc15472df02de' '254770028d7a4fa9877da4ba0ad5ad21'
 'e69dc259edb944ea9ea41264b9fcfe59' 'e657b5121ff8456b9a610cfaead8e0cb'
 '252cc8452bfc4c2aa58cab68d8b61879']",d50dbe44b899b4cfaf149cb3fd0c4159
efb5708268afc67a61b9f35e5fd9b376,"['4119fd06010c494caa07f439b333f4c5' 'e657b5121ff8456b9a610cfaead8e0cb'
 '3d6b216c14354332b1bf1927ba168986' 'fc01e9baa80e417c9206f941bb279407'
 '36be44627ece444284f9e759b8cd25c6' 'a64b4b17b07a44e4b1ac33580d811936'
 '423b72bbd56f4caa98f3328202c1c3c9']",efb5708268afc67a61b9f35e5fd9b376
3171a8e0686e844a43b8a5bcb122df77,"['077d2820ae1845bcbb1803379a3d1eae' '3671ea0dd4e84c1a9b02c5ab2c8f4bac'
 'fbeef791d19b413a9c93c6608286ab63' 'e2ec7d3cdbeb4dd086ae6eb399332363'
 '67f10971666240ea930f3b875aabdc1a']",3171a8e0686e844a43b8a5bcb122df77
3a1d23ceba280b76b50f854902585bbb,"['077d2820ae1845bcbb1803379a3d1eae' '19a7f254a5d64566ab5cc15472df02de'
 '254770028d7a4fa9877da4ba0ad5ad21' '7ab5d53a872f4dfc98f3d386879f3c75'
 '40450f2c91944a81944621b94f190b49' '5b9fa6a959294dc29c8420b2d7d3096f']",3a1d23ceba280b76b50f854902585bbb
4418484e1f856e36e079b84bd1272840,"['077d2820ae1845bcbb1803379a3d1eae' '19a7f254a5d64566ab5cc15472df02de'
 '96aad7cb4b7d40e9b7e13b94a67af206' '254770028d7a4fa9877da4ba0ad5ad21'
 'bada987ea7da4c939393ee1c3d08ccd4' 'd0a274e7934d446fb91847bb53a961a6']",4418484e1f856e36e079b84bd1272840
69db1015cf2586f3740f46c919eb8e25,"['077d2820ae1845bcbb1803379a3d1eae' '19a7f254a5d64566ab5cc15472df02de'
 '254770028d7a4fa9877da4ba0ad5ad21' 'e69dc259edb944ea9ea41264b9fcfe59'
 'e657b5121ff8456b9a610cfaead8e0cb' '0e00585b08044954a254116665400463']",69db1015cf2586f3740f46c919eb8e25
69ddcc4f6ff5df8aa797fee7694ff710,"['077d2820ae1845bcbb1803379a3d1eae' '3671ea0dd4e84c1a9b02c5ab2c8f4bac'
 'e69dc259edb944ea9ea41264b9fcfe59' 'e657b5121ff8456b9a610cfaead8e0cb'
 'fbeef791d19b413a9c93c6608286ab63' '539d55e7c42e44b59d98f59fae3e0ee1'
 '3785eeadea9042bfb2e50f16c0397a12' '48cd97f2297143e09d61ff2a8542c0c5'
 'ff95eb0d5f7f49b782027d5c7ae3c3fe' '086da554db5b4ad5806aedeb0024197c'
 '216ee8a907a0466a88b27f8ada19ffa0']",69ddcc4f6ff5df8aa797fee7694ff710
76f3b1592256b4437b7d47b5f14ae2c6,"['077d2820ae1845bcbb1803379a3d1eae' '3671ea0dd4e84c1a9b02c5ab2c8f4bac'
 'e657b5121ff8456b9a610cfaead8e0cb' 'fbeef791d19b413a9c93c6608286ab63'
 '7ab5d53a872f4dfc98f3d386879f3c75' 'b07a7f088364459098cd8511ff27a4c8'
 'de25d06733d04385825ee082792f5e52']",76f3b1592256b4437b7d47b5f14ae2c6
8327ea60cb9724d1bf3f13f18f1b917c,"['077d2820ae1845bcbb1803379a3d1eae' '3671ea0dd4e84c1a9b02c5ab2c8f4bac'
 'a671bf7fea2f4514b6e96ba99127fafd' 'f09f381c319f4251847d1a4bb8cdcac1'
 'eec11f567e7f4943b157c3a657eb9a46' 'efef117839b64ce9adf614a461d41ba6'
 '2171091ada0942d8ae7944df11659f6e']",8327ea60cb9724d1bf3f13f18f1b917c
8aa843d0b018051f90583fd0dee4a404,"['077d2820ae1845bcbb1803379a3d1eae' '19a7f254a5d64566ab5cc15472df02de'
 '254770028d7a4fa9877da4ba0ad5ad21' '36084a9fab53433493f079e97e68bf65'
 '8815ed80f9b741dbb458d902024f34a4']",8aa843d0b018051f90583fd0dee4a404
98cdaf1813fc652ea5cff51372d95793,"['077d2820ae1845bcbb1803379a3d1eae' '3671ea0dd4e84c1a9b02c5ab2c8f4bac'
 '19a7f254a5d64566ab5cc15472df02de' 'a671bf7fea2f4514b6e96ba99127fafd'
 'cd601f77419c403889aadeee591915b5']",98cdaf1813fc652ea5cff51372d95793
b310460babc9fa725ad47320c61e0086,"['077d2820ae1845bcbb1803379a3d1eae' '19a7f254a5d64566ab5cc15472df02de'
 '254770028d7a4fa9877da4ba0ad5ad21' 'e69dc259edb944ea9ea41264b9fcfe59'
 'e657b5121ff8456b9a610cfaead8e0cb' '31499ee6277a4d71b19cb5b6be554c69'
 'd99eabad5dfd47278692569d2a9395b1']",b310460babc9fa725ad47320c61e0086
c3025b9f170d4cb9a5794da27f609eb1,"['077d2820ae1845bcbb1803379a3d1eae' '3671ea0dd4e84c1a9b02c5ab2c8f4bac'
 'e657b5121ff8456b9a610cfaead8e0cb' 'ceadf262ef834e9ab146b20650912cae'
 'f9005e5c01b44bb489f7112322fd1162' '9c7bc862339d4a5bb21ee5154d9b33bb']",c3025b9f170d4cb9a5794da27f609eb1
c4ca69bc6be35c42c4725a35a741befa,"['077d2820ae1845bcbb1803379a3d1eae' '19a7f254a5d64566ab5cc15472df02de'
 '254770028d7a4fa9877da4ba0ad5ad21' 'e657b5121ff8456b9a610cfaead8e0cb'
 'e2bf260115514fb3b252fd879fb3e7be' '1c5e296a5ac541c1b5cac4357537c22d']",c4ca69bc6be35c42c4725a35a741befa
ca10fe3d16756300859a0693aee7f7a0,"['077d2820ae1845bcbb1803379a3d1eae' '3671ea0dd4e84c1a9b02c5ab2c8f4bac'
 'e657b5121ff8456b9a610cfaead8e0cb' 'fbeef791d19b413a9c93c6608286ab63'
 '0c010fa3aeac4b28b2fbb8c2339c2521' '757ca40654d5476aa949a26b733be8d4']",ca10fe3d16756300859a0693aee7f7a0
d9eda21d3e37948306b3b3c665150e73,"['077d2820ae1845bcbb1803379a3d1eae' '3671ea0dd4e84c1a9b02c5ab2c8f4bac'
 'e657b5121ff8456b9a610cfaead8e0cb' 'fbeef791d19b413a9c93c6608286ab63'
 'a671bf7fea2f4514b6e96ba99127fafd' '17bad53a0ebe4569839e5e151ff78593']",d9eda21d3e37948306b3b3c665150e73
e78da4dada0873bf9b05c64978c91bb0,"['077d2820ae1845bcbb1803379a3d1eae' '3671ea0dd4e84c1a9b02c5ab2c8f4bac'
 '19a7f254a5d64566ab5cc15472df02de' 'e657b5121ff8456b9a610cfaead8e0cb'
 'a671bf7fea2f4514b6e96ba99127fafd' '6d8473ef3b1042bf87178a611e3dbcc6']",e78da4dada0873bf9b05c64978c91bb0
ead29f227b9db281279d460a522ad9d5,"['077d2820ae1845bcbb1803379a3d1eae' '3671ea0dd4e84c1a9b02c5ab2c8f4bac'
 '19a7f254a5d64566ab5cc15472df02de' 'e657b5121ff8456b9a610cfaead8e0cb'
 'e2bf260115514fb3b252fd879fb3e7be' '0e8d921ccd8d4a8594b65b7fd19f7120'
 '59c726a8792d443e84ab052cb7942b4a']",ead29f227b9db281279d460a522ad9d5
ef6d9b5e0927a32e780b2b369685d3ee,"['077d2820ae1845bcbb1803379a3d1eae' '3671ea0dd4e84c1a9b02c5ab2c8f4bac'
 'e657b5121ff8456b9a610cfaead8e0cb' 'fbeef791d19b413a9c93c6608286ab63'
 '7ab5d53a872f4dfc98f3d386879f3c75' 'b07a7f088364459098cd8511ff27a4c8'
 '058f66cc356b43cc9433bd3c8d57fa46']",ef6d9b5e0927a32e780b2b369685d3ee
b4b2ecf75d1aad0ccc5d6f76a00fe3b9,"['3671ea0dd4e84c1a9b02c5ab2c8f4bac' '9646481f66ce4fd2b08c2eddda42fc82'
 'd91a266f766b4737a06b0fda588ba40b' '254770028d7a4fa9877da4ba0ad5ad21'
 '4a67211867e5464ba45126315a122a8a' '04dbbb2283b845baaeac0eaf0c34c9da'
 '273daeec8cad41e6b3e450447db58ee7' 'e69dc259edb944ea9ea41264b9fcfe59'
 'e2f5735c7d714423a2c4f61ca2644626']",b4b2ecf75d1aad0ccc5d6f76a00fe3b9
f08d35c87cc299fc9fe46d2ec11626f7,"['3671ea0dd4e84c1a9b02c5ab2c8f4bac' '9646481f66ce4fd2b08c2eddda42fc82'
 'd91a266f766b4737a06b0fda588ba40b' '254770028d7a4fa9877da4ba0ad5ad21'
 '4a67211867e5464ba45126315a122a8a' '04dbbb2283b845baaeac0eaf0c34c9da'
 'e69dc259edb944ea9ea41264b9fcfe59' 'd405c3154d0e48ce96fad4c28fe20590'
 '7923d8521c744bd9aab131c1aea91ffd']",f08d35c87cc299fc9fe46d2ec11626f7
0121fa7828a456349a5d679825172e9b,"['19a7f254a5d64566ab5cc15472df02de' 'a671bf7fea2f4514b6e96ba99127fafd'
 '6d8473ef3b1042bf87178a611e3dbcc6' 'db541b7260974db8bac94e953009f60e'
 'f2ff8044718648e18acef16dd9a65436' '00d785e7d76b47ec81b508e768d40584'
 '87915637da3e474c9349bd0ae604bd95' '7282c73622b8408e97289d959faff483'
 'a0f326b9597b49dda6563e9208316117' 'bff3db70f9af4f2c87a93df48ecbb6bc'
 'bf91f36307cb43e1ab1e967cb3ba8274']",0121fa7828a456349a5d679825172e9b
937c32a23dadd297f434106e4a601a61,"['19a7f254a5d64566ab5cc15472df02de' 'e657b5121ff8456b9a610cfaead8e0cb'
 'f9005e5c01b44bb489f7112322fd1162' 'fd139ac75b0e4777ab67b7423eaaa37f'
 'a701c349eb7142d48ba7efad89caf9d2' 'e5d40a1b17f74b1db5d18279caedb04a']",937c32a23dadd297f434106e4a601a61
588823a50fa2ae7eea9383df183d8a98,"['e7ffaee9d31d4d3c96e04f911d0a8f9e' 'f7e11b0e297a44a896dc67928368f600'
 '1fd3fa8bb5a2408790042ab9573779ee' '27f9fbe6ad8c4a8b9acee0d3596ed57c'
 'e1fd0e904a53409aada44442f23a51cb']",588823a50fa2ae7eea9383df183d8a98
abe4f205eda50d06d6f8dd7b025f59c7,"['de988724cfdf45cebfba3b13c43ceede' '96aad7cb4b7d40e9b7e13b94a67af206'
 'c9632a35146940c2a86167c7726d35e9' '9646481f66ce4fd2b08c2eddda42fc82'
 'd91a266f766b4737a06b0fda588ba40b' 'bc0e3f075a4c4ebbb7c7b152b65a5625'
 '254770028d7a4fa9877da4ba0ad5ad21' '4a67211867e5464ba45126315a122a8a'
 '04dbbb2283b845baaeac0eaf0c34c9da' '1943f245ee4243bdbfbd2fd619ae824a']",abe4f205eda50d06d6f8dd7b025f59c7
51f5fa0deebff5b32f74d90b957de319,"['9646481f66ce4fd2b08c2eddda42fc82' '254770028d7a4fa9877da4ba0ad5ad21'
 '4a67211867e5464ba45126315a122a8a' '04dbbb2283b845baaeac0eaf0c34c9da'
 'ba481175ee1d4329bf07757a30abd3a1' '79f4b1c1b2be4cf7aa828846e20a4eb6'
 'de04830d6e414fd5b39a9e90769d9452' '69db426b97714835bf4937180774787a']",51f5fa0deebff5b32f74d90b957de319
54c84a3acff36a81a14e832661cab5fc,"['9646481f66ce4fd2b08c2eddda42fc82' '254770028d7a4fa9877da4ba0ad5ad21'
 '4a67211867e5464ba45126315a122a8a' '04dbbb2283b845baaeac0eaf0c34c9da'
 'e69dc259edb944ea9ea41264b9fcfe59' '7c49f2710e8b4d3b8dc9310834406ea5'
 'c6d1e4f56c2843e89cf0b91c10bb6de2' '0adb2d9941f34ef7b2f7743cc6225844']",54c84a3acff36a81a14e832661cab5fc
5ba07e67aad936b5e8fdced90ee7e0f5,"['9646481f66ce4fd2b08c2eddda42fc82' '254770028d7a4fa9877da4ba0ad5ad21'
 '4a67211867e5464ba45126315a122a8a' '04dbbb2283b845baaeac0eaf0c34c9da'
 'e69dc259edb944ea9ea41264b9fcfe59' '47d588d26e2b4cccb68fe2af4c147c8f'
 'c0f2dc03d8df400db4997c1a0babd6ad']",5ba07e67aad936b5e8fdced90ee7e0f5
617f570544f5137ea2a26ea012860b88,"['9646481f66ce4fd2b08c2eddda42fc82' '254770028d7a4fa9877da4ba0ad5ad21'
 '4a67211867e5464ba45126315a122a8a' '04dbbb2283b845baaeac0eaf0c34c9da'
 '6e8d9029ce4e4ea182367173ab2c7bbf' 'cbf232211e7d4eb6abdbe182f71c2cf0'
 'bb0cff774a4440b289cc6f3b929fe13c' 'ce55841ebfdd47008bab8c258f10372e'
 '6090e736374d45fd84f0e4610a314f8f']",617f570544f5137ea2a26ea012860b88
75d656d482f083d807ff14652a2871f6,"['9646481f66ce4fd2b08c2eddda42fc82' '254770028d7a4fa9877da4ba0ad5ad21'
 '4a67211867e5464ba45126315a122a8a' '04dbbb2283b845baaeac0eaf0c34c9da'
 'e69dc259edb944ea9ea41264b9fcfe59' '3138f39f2bcd43a69e0697cd3b05bc4d'
 '9d282b2250f7408888504f1f93c202a8' 'c063484895794a0eaae1b0ff070ad4c9'
 'e8868920e21b4431aad16e86db977ecb' 'aea3378bfff842e5b3f4b7a4b55b3879']",75d656d482f083d807ff14652a2871f6
78292823ba9a23ddd49ea39f21675fb2,"['9646481f66ce4fd2b08c2eddda42fc82' '254770028d7a4fa9877da4ba0ad5ad21'
 '4a67211867e5464ba45126315a122a8a' '04dbbb2283b845baaeac0eaf0c34c9da'
 'e69dc259edb944ea9ea41264b9fcfe59' '3138f39f2bcd43a69e0697cd3b05bc4d'
 'ceadf262ef834e9ab146b20650912cae' 'e19287afe00a431f9a593a4827d1b448'
 '9593428ad36746ae8af6d8ce639834ef' '1bcaeb58479d42a6963a073c09f3f397'
 '1ef0c1c59ce946668ccf1a6a4f5ab7cc']",78292823ba9a23ddd49ea39f21675fb2
794fefdb523287e635a5dce19320814a,"['9646481f66ce4fd2b08c2eddda42fc82' '254770028d7a4fa9877da4ba0ad5ad21'
 '4a67211867e5464ba45126315a122a8a' '04dbbb2283b845baaeac0eaf0c34c9da'
 'a671bf7fea2f4514b6e96ba99127fafd' '071a416efbec4f0886c19ac68f6d43cb'
 'aea3378bfff842e5b3f4b7a4b55b3879' 'b0966a0f455e44229e6c9705d57bfca9'
 '99761e9b89cc4060be3ed6b34532e7ff']",794fefdb523287e635a5dce19320814a
83e00c12ccf537178db6a3b06b5078f2,"['9646481f66ce4fd2b08c2eddda42fc82' '254770028d7a4fa9877da4ba0ad5ad21'
 '4a67211867e5464ba45126315a122a8a' '04dbbb2283b845baaeac0eaf0c34c9da'
 'e69dc259edb944ea9ea41264b9fcfe59' '1d7b0deca7674777bf76c163ac065845'
 '03afe9988f864c9fa501bfbf043f74c0' '4084f614af494fa8ab73095fb5b6b07b'
 '3ce25564af6e47f390a0b16b6f9433a1']",83e00c12ccf537178db6a3b06b5078f2
8757d4df4f6d7215159f27cbefe87143,"['9646481f66ce4fd2b08c2eddda42fc82' '254770028d7a4fa9877da4ba0ad5ad21'
 '4a67211867e5464ba45126315a122a8a' '04dbbb2283b845baaeac0eaf0c34c9da'
 'e69dc259edb944ea9ea41264b9fcfe59' '3138f39f2bcd43a69e0697cd3b05bc4d'
 '2d66a15939294d21b83b3e277f0a4e46' '8dbe8f9867e4448f998416c18923eac4'
 'fe8ea8bf1395434393e04e8f7a33025f']",8757d4df4f6d7215159f27cbefe87143
8e000fc4a60954e69e5b2dceaa13a5c0,"['9646481f66ce4fd2b08c2eddda42fc82' '254770028d7a4fa9877da4ba0ad5ad21'
 '4a67211867e5464ba45126315a122a8a' '04dbbb2283b845baaeac0eaf0c34c9da'
 'e2bf260115514fb3b252fd879fb3e7be' '60c58026b2764b40adffca6eaa31d6d9'
 'ad1595a78935472999444c9330e7730e' '735d19aea0744b2295556841c5c4c3fd'
 'c725babdb14a485582f8fbdf95429030']",8e000fc4a60954e69e5b2dceaa13a5c0
a4cdb403788ae9e31262a18f4fb0801c,"['9646481f66ce4fd2b08c2eddda42fc82' '254770028d7a4fa9877da4ba0ad5ad21'
 '4a67211867e5464ba45126315a122a8a' '04dbbb2283b845baaeac0eaf0c34c9da'
 'e69dc259edb944ea9ea41264b9fcfe59' '3138f39f2bcd43a69e0697cd3b05bc4d'
 'd64ed762ea924caa95c8d06f072a9a96' 'adf4ee3fbe9b4d0381044838c4f889c8']",a4cdb403788ae9e31262a18f4fb0801c
ad37dec2a2a19c9d593c5a4927c7c7d2,"['9646481f66ce4fd2b08c2eddda42fc82' '254770028d7a4fa9877da4ba0ad5ad21'
 '4a67211867e5464ba45126315a122a8a' '04dbbb2283b845baaeac0eaf0c34c9da'
 '68105770b523412388424d984e711917' '85c79fd84f5e4f918471c386852204c5'
 'eae4259b19a741ab9f9f6af18c4a0470' '3138f39f2bcd43a69e0697cd3b05bc4d'
 'dde131ab575d44dbb55289a6972be18f']",ad37dec2a2a19c9d593c5a4927c7c7d2
b5924964ebff3b005590e9cc94e5b39a,"['9646481f66ce4fd2b08c2eddda42fc82' '254770028d7a4fa9877da4ba0ad5ad21'
 '4a67211867e5464ba45126315a122a8a' '04dbbb2283b845baaeac0eaf0c34c9da'
 'e69dc259edb944ea9ea41264b9fcfe59' '5bd156c87ec44e19ae6f8f62e6e50b9d'
 'c1a146d7fb16429ea6d0aa2a55ee597f' 'ede9350632084da5b0b577ff799ab14b']",b5924964ebff3b005590e9cc94e5b39a
b740e95b2369349a884c647a52dc866f,"['9646481f66ce4fd2b08c2eddda42fc82' '254770028d7a4fa9877da4ba0ad5ad21'
 '4a67211867e5464ba45126315a122a8a' '04dbbb2283b845baaeac0eaf0c34c9da'
 '3138f39f2bcd43a69e0697cd3b05bc4d' 'dde131ab575d44dbb55289a6972be18f'
 '43544b99c3b04b059546198a0ae6366d' 'a671bf7fea2f4514b6e96ba99127fafd'
 '525f41ea20274a05af4e52b625b473f3' '071a416efbec4f0886c19ac68f6d43cb']",b740e95b2369349a884c647a52dc866f
bb8dd1736ac0ae84f0cefaf4d9ae1d0d,"['9646481f66ce4fd2b08c2eddda42fc82' '254770028d7a4fa9877da4ba0ad5ad21'
 '4a67211867e5464ba45126315a122a8a' '04dbbb2283b845baaeac0eaf0c34c9da'
 '7ab5d53a872f4dfc98f3d386879f3c75' 'b07a7f088364459098cd8511ff27a4c8'
 '351abba16e5c448994c6daf48121b14d' '50ea7d3b69614bcdbfbff7ddbfbf3d34'
 '004f40a5aeca48a1879db728eb12bcba' '4465efb7f6ed4dedad72a658184addd2']",bb8dd1736ac0ae84f0cefaf4d9ae1d0d
cc3f86276324c4b3b25d1ec3649d9abf,"['9646481f66ce4fd2b08c2eddda42fc82' '254770028d7a4fa9877da4ba0ad5ad21'
 '4a67211867e5464ba45126315a122a8a' '04dbbb2283b845baaeac0eaf0c34c9da'
 'a671bf7fea2f4514b6e96ba99127fafd' '434e752b992c4e6a812557529315c5b9'
 'df79a27b9a4f42fd839c90bb8a79ad91' '8f140fd7126f47b6b00307b0181509f9']",cc3f86276324c4b3b25d1ec3649d9abf
d560c15d411111345f80197f7486058a,"['9646481f66ce4fd2b08c2eddda42fc82' '254770028d7a4fa9877da4ba0ad5ad21'
 '4a67211867e5464ba45126315a122a8a' '04dbbb2283b845baaeac0eaf0c34c9da'
 'e69dc259edb944ea9ea41264b9fcfe59' 'eeef6ae5c464400c8755900b4f1ac37a'
 '422433aa45804c7ebb973b2fafce5da6' '86505bca739d4bccaaa1a8e0f3baffdc'
 '1af9faf341e14a5bbf4ddc9080e8dc0b' '353d91abc68648639d65a549e59b5cf3']",d560c15d411111345f80197f7486058a
d677c45b0e6b17b157c972d420c84d31,"['9646481f66ce4fd2b08c2eddda42fc82' '254770028d7a4fa9877da4ba0ad5ad21'
 '4a67211867e5464ba45126315a122a8a' '04dbbb2283b845baaeac0eaf0c34c9da'
 '3138f39f2bcd43a69e0697cd3b05bc4d' '2d66a15939294d21b83b3e277f0a4e46'
 'bdcbcccadd474b3bbe9a8f56c811bab4' 'f127fc4d87f94794be89134406ba0694']",d677c45b0e6b17b157c972d420c84d31
d740381af8ef46f554299a093537dd69,"['9646481f66ce4fd2b08c2eddda42fc82' '254770028d7a4fa9877da4ba0ad5ad21'
 '4a67211867e5464ba45126315a122a8a' '04dbbb2283b845baaeac0eaf0c34c9da'
 'e69dc259edb944ea9ea41264b9fcfe59' 'c1a146d7fb16429ea6d0aa2a55ee597f'
 'd734746e3d6146f780af91827e578dfd' '21ed913271614cbeb1b754cdbbef13af'
 '1505dfebbfb04652b0ba57de1a251d67']",d740381af8ef46f554299a093537dd69
e77a55ec71b2605da11f93be730a1d44,"['9646481f66ce4fd2b08c2eddda42fc82' '254770028d7a4fa9877da4ba0ad5ad21'
 '4a67211867e5464ba45126315a122a8a' '04dbbb2283b845baaeac0eaf0c34c9da'
 'e69dc259edb944ea9ea41264b9fcfe59' '3138f39f2bcd43a69e0697cd3b05bc4d'
 'a80c7c98c0b647f8b9f6f8cc09168e44' '2d66a15939294d21b83b3e277f0a4e46'
 '47f6d6573cf34e1096c95e36251dd60c']",e77a55ec71b2605da11f93be730a1d44
eced1354dc203db862497de8c414d11c,"['9646481f66ce4fd2b08c2eddda42fc82' '254770028d7a4fa9877da4ba0ad5ad21'
 '4a67211867e5464ba45126315a122a8a' '04dbbb2283b845baaeac0eaf0c34c9da'
 '26f88ab3e2e04c33a459ad6270ade565' 'babe97e1d9784cffa1c85abc1e588126'
 '1033a18c45aa4584b2aef6ab96890351' 'c9b8ce91fc2945b4907fe35519339cac']",eced1354dc203db862497de8c414d11c
429770fe8f393c34ddc5b3b06c00b11f,"['254770028d7a4fa9877da4ba0ad5ad21' 'c03ab3ce8cb74ad2a03b94723bfab3c7'
 'fbeef791d19b413a9c93c6608286ab63' '0ee7db2c6bea4630ba9f0c25e8a967ad'
 'c8e706fbdc90420d952deed03c4f04b4' '0ec262c2cfef4dd581f3655e5e496e31'
 '432a6b4962544200949421a96a405142' 'd6700b360ac141d282cdb567414bf4ce'
 'c1b40a4039b44061a358e098867f7412']",429770fe8f393c34ddc5b3b06c00b11f
795a6efb4c07565e2cea3077eac4130a,"['254770028d7a4fa9877da4ba0ad5ad21' 'fbeef791d19b413a9c93c6608286ab63'
 '0ee7db2c6bea4630ba9f0c25e8a967ad' '0ec262c2cfef4dd581f3655e5e496e31'
 '24b4a5f4db67418cbfa08c5316f0ab51' '43c68f9a86654a32a2215e23957ed184'
 '1ba06fe2e86140a59bbc4f4e969d0f71' '36caa0a230c8422c8acb4dc62e35bb32'
 '09940fed9d154504948bba2df1789a50' '4d6608557eed49368a6d09c7c5c664c5'
 'eb7c93eeb9dc41aab57d29e97ebb4951' '3b6e2ac584b64847b53828c9d779fed3'
 'e9b68002e035447baae848208cea5503' 'fe18353546824ca98294ce4be7b96e02'
 '0e9740e25f5a460c81318336e00ac880' 'b7cd9a62710849778fdadced0d754687']",795a6efb4c07565e2cea3077eac4130a
93f221ac5d3740108fc98f190e7f3d88,"['254770028d7a4fa9877da4ba0ad5ad21' '3d6b216c14354332b1bf1927ba168986'
 'c03ab3ce8cb74ad2a03b94723bfab3c7' '6b02373137fd438ba96af28f735cdbdb'
 '36a4fcd8efc144e6b8af9a1c7ab8b2ce' 'fbeef791d19b413a9c93c6608286ab63'
 'd2b629c0396f4180a03e16ddf3818589' '6102fc6619ed422ebc42588bfa97355d'
 '8d141c0b80f74b79a05eed7fe161fe49' 'e22d1d1cd8d14f12b81828d940f40d70'
 '9ab48505fb1b487babd0d1f6d3a3f980' '148fffeb994541b2b4b6dcefda7001a8'
 '89c08e793298442686292454a1abff31' '0467928aa65e4a4fba62bdb1467e3a54'
 '43c3390303c6476cb65f584e37c3e81c']",93f221ac5d3740108fc98f190e7f3d88
993c62a4486ef6aeef83623cbe6ec2b5,"['254770028d7a4fa9877da4ba0ad5ad21' '3d6b216c14354332b1bf1927ba168986'
 'e2bf260115514fb3b252fd879fb3e7be' '17ed1d92075643579a712cc6c29e8ddb'
 'db541b7260974db8bac94e953009f60e' 'b0dd60e11dad4ff782623acf039b3948'
 'db8c43fa4df947b09e5754d3b1393ead' '5dabc4cd05da425cb194a04482bf0c29']",993c62a4486ef6aeef83623cbe6ec2b5
ae030c245f17423575510c619741160a,"['254770028d7a4fa9877da4ba0ad5ad21' 'e657b5121ff8456b9a610cfaead8e0cb'
 '3d6b216c14354332b1bf1927ba168986' '7ab5d53a872f4dfc98f3d386879f3c75'
 '2fb66f9a0de6406d83b61742a3b52cd6' 'b0e6cfd979ea48b997019b059999d3c2'
 'ef00ec3a324f4f5986141401002af3f6' 'a542fd7aed7341468028928937ea2983']",ae030c245f17423575510c619741160a
c73034d6a6f91e79c6bd21fffa416202,"['254770028d7a4fa9877da4ba0ad5ad21' 'e69dc259edb944ea9ea41264b9fcfe59'
 'e657b5121ff8456b9a610cfaead8e0cb' '3d6b216c14354332b1bf1927ba168986'
 'db541b7260974db8bac94e953009f60e' '6b49c78aa1524609ab7aa74aeaa3e01d'
 '7ff31ce54f424f0bbb297b0b3ba7c757']",c73034d6a6f91e79c6bd21fffa416202
d89a41b98c4286f63b72a41c3ebea08d,"['254770028d7a4fa9877da4ba0ad5ad21' '3d6b216c14354332b1bf1927ba168986'
 'fbeef791d19b413a9c93c6608286ab63' 'd2b629c0396f4180a03e16ddf3818589'
 '6102fc6619ed422ebc42588bfa97355d' '8d141c0b80f74b79a05eed7fe161fe49'
 'e22d1d1cd8d14f12b81828d940f40d70' '9ab48505fb1b487babd0d1f6d3a3f980'
 '148fffeb994541b2b4b6dcefda7001a8' '89c08e793298442686292454a1abff31'
 '521a862bb196488389f17c0b0f4b6f4d' 'b609f1939dae4c7383c7d199bb3c7dc3'
 'aeee2f443dfb4e3ea80af6ae1d9197ce' '8c46d37bc26e4d4dbd37d6ee26867bc6']",d89a41b98c4286f63b72a41c3ebea08d
04fc8c8af2f683271e982faea72b6a93,"['04dbbb2283b845baaeac0eaf0c34c9da' 'b07a7f088364459098cd8511ff27a4c8'
 '170507a64973429f818067b80506d428' 'fd9b298e6aea4685bbb2064b05fcda79'
 'eeecb159cc8a4c8989f8da0f3df09f2a' '70f22b1d7336492dbade94b8edefe457'
 '66e098dc431146e19fc4bc2ea37efbd9' '932e213c57134098a07073febd51dcc2']",04fc8c8af2f683271e982faea72b6a93
11e6b3ae933f56d04dc0bf25295f1a04,"['e69dc259edb944ea9ea41264b9fcfe59' 'f1c6eed066f24cbdb376b910fce29ed4'
 'c27966a4e3be434686454204ac7b3ab4' '575befc8d64c47eb95af8b1096e02963'
 'd6e6366617e04b0ba6732fd1d2d76429' 'b4c4354c8edb40db984942799fe0c8b1']",11e6b3ae933f56d04dc0bf25295f1a04
12e4194788bfabe6f4a9aadc8f8a1366,"['e69dc259edb944ea9ea41264b9fcfe59' '17ed1d92075643579a712cc6c29e8ddb'
 '6ea81acaf232485e94fff638e03336e1' 'd136b08d586d488f9e4188b524c85a29'
 'cccfa151fedc4b218a8d96adc7dceabe']",12e4194788bfabe6f4a9aadc8f8a1366
193f87cf7e266aa933fcf9c3aab58025,"['e69dc259edb944ea9ea41264b9fcfe59' '3e460d9f011d4b0b9ccaae7b6a5202de'
 '9d98dece22eb401aa1a5ce9c88c603f0' '81446ea789b24eaf9eab02dc07c3d984']",193f87cf7e266aa933fcf9c3aab58025
26753c1ce00073c23f2d14ce40c0d028,"['e69dc259edb944ea9ea41264b9fcfe59' 'e657b5121ff8456b9a610cfaead8e0cb'
 '94a964c6992945ebb3833dfdfdc8d655' '1eb829d0ace042089f0746f78729696c'
 '015e7b58d1a14b44beab3bbc9f912c18']",26753c1ce00073c23f2d14ce40c0d028
2733b7b74727ba58db94c1283f095dbb,"['e69dc259edb944ea9ea41264b9fcfe59' '3d6b216c14354332b1bf1927ba168986'
 '17ed1d92075643579a712cc6c29e8ddb' 'd7db38bb599c42cab7066f3fdd282282'
 'efd87a59d01e47c8adc02f63ef2c5c3e' '80e3ce3de41e4601823a333e22b7bb3f'
 '50eabc166e8944a49197e79c32f27597' '5197a3fb02ef4677abd1900aa87e4efa']",2733b7b74727ba58db94c1283f095dbb
3304ccd1a407776fdfe70ecfd3572d71,"['e69dc259edb944ea9ea41264b9fcfe59' '3d6b216c14354332b1bf1927ba168986'
 '17ed1d92075643579a712cc6c29e8ddb' '711ba818354546cea69f1532b92a2f26'
 '0d8fde01d7234726a00d7e73e2e01d66' '9c4bd60958fd4e09a6d5b9e2ab163b5a'
 '39d31f770cf740e78d526a2e1101a1db']",3304ccd1a407776fdfe70ecfd3572d71
49290954ecdd529e32620a1efe074e79,"['e69dc259edb944ea9ea41264b9fcfe59' '3d6b216c14354332b1bf1927ba168986'
 '17ed1d92075643579a712cc6c29e8ddb' '7e2c84548fb94ee395ba8588d8f2a006'
 'f034618dde7948beb6dab30176d0fc87' '5c41f96be13e49dba649454297834546'
 '7ea4afbf8a264f29af29950ce98105ba']",49290954ecdd529e32620a1efe074e79
4b028e742c5bb99151ce8d6869dd59e1,"['e69dc259edb944ea9ea41264b9fcfe59' '3d6b216c14354332b1bf1927ba168986'
 '17ed1d92075643579a712cc6c29e8ddb' '3cf0ab4cf14e47ddabd49d500a3dc488'
 'a39b72f8921f43ef8ef295c7cc8f7294' '9f5adbeb6cf04f089abe78d86cfa6aba']",4b028e742c5bb99151ce8d6869dd59e1
4ddd4eb11c5e0152334178ab2837961c,"['e69dc259edb944ea9ea41264b9fcfe59' '5ae335d9210a45fda3f92a9a028d6d9b'
 '5ac60a941a5b4934bdc43d2f87de601c']",4ddd4eb11c5e0152334178ab2837961c
5d67b02ec3d25e19d4c5df9075d68aad,"['e69dc259edb944ea9ea41264b9fcfe59' '3d6b216c14354332b1bf1927ba168986'
 '17ed1d92075643579a712cc6c29e8ddb' '63fba9a7c47a4f14ac0bee6bc90d0fea'
 '6bfc2395b4f54a528a1ebac94a43acb8' '1cce5cebf437428eb1a60dffbdfa603f']",5d67b02ec3d25e19d4c5df9075d68aad
832e80057536b00f94963c0e4b0ec74e,"['e69dc259edb944ea9ea41264b9fcfe59' '4f2c665decf242b0bfcaf7350b0e02ed'
 'b7e9c9ef572c445a9574ca571e41fb96' 'dcb9f281cd6248c699e0ebb285a42a5e'
 '072cdee531b74513984f49d99a8d64a0']",832e80057536b00f94963c0e4b0ec74e
e278769b0a13ab97a48ea0f7f0aae2a4,"['e69dc259edb944ea9ea41264b9fcfe59' 'fa14b16c17e3417dba5a4b473ea5b18d'
 '7cc3356d38de4328a51a5cbcb187dac3' 'bef16fb5fd7344cca5e295b13ef3e0cd'
 'bb9e01bc171d4326a29afda59ece8d17' '3c063eea52e94164b70c99431ea30bae']",e278769b0a13ab97a48ea0f7f0aae2a4
eb78ab8fddcb9c2328b61fbcb6f8b8d7,"['e69dc259edb944ea9ea41264b9fcfe59' '9d08f285a7be4c79b8f359c51d51db37'
 'adffed660d154b519c1817e514e83096']",eb78ab8fddcb9c2328b61fbcb6f8b8d7
edec272d39e043e58590061853acbd7c,"['e69dc259edb944ea9ea41264b9fcfe59' '6fae5ee1a831468aa585a1ea09095998'
 'd54956b79dd147f894b67a8b97dcbef0' '958beecdb5bb4060948415ffd75d2b03'
 'b999ed77e19e4f85b7f1ae79af5c002a' '48c0c4d72da74ff5bb926fa0c856d1a7'
 '4f3c97517f794ebfb49c4c6315f9cf23' '1745a2485a9443bab76587ad650e9be0'
 '32e6ccab20d94029811127dbbe424c64']",edec272d39e043e58590061853acbd7c
ff1f5521156a3aa41a97fbd693ec610f,"['e69dc259edb944ea9ea41264b9fcfe59' '3d6b216c14354332b1bf1927ba168986'
 '17ed1d92075643579a712cc6c29e8ddb' 'f2ff8044718648e18acef16dd9a65436'
 '5dabc4cd05da425cb194a04482bf0c29' '887f444240bb474da23cdfb6abf7a998'
 '5d29053f2ce74442aa1855b327ef3bb7' '7e40cd12839a4577a95e33d785147a31'
 '8fe58de8a04f4f8f807c77fb41829a3a']",ff1f5521156a3aa41a97fbd693ec610f
2999540b55ee0bc255eb7068816305ca,"['deece7e64b2a4628850d4bb6e394a9c3' 'e657b5121ff8456b9a610cfaead8e0cb'
 'bf4e255cdac94ccc83a56435a5e4b075' '3b040bcc19f14e04880ae52881a89c1c'
 '3d6b216c14354332b1bf1927ba168986' '1c109cfdc370463eb6d537e5b7b382fb'
 '3d0dcbc8971b415ea18065edc4d8c8ef']",2999540b55ee0bc255eb7068816305ca
19c5a3d15d92b939549523842bf010df,"['e657b5121ff8456b9a610cfaead8e0cb' '3b040bcc19f14e04880ae52881a89c1c'
 '3d6b216c14354332b1bf1927ba168986' '69db426b97714835bf4937180774787a'
 'aa2ec452728a4703ae1bdabe85b6c079' 'c5ddb31e0a9c4b2683e4631283dd505b'
 '07d8eeb549044ac88d2e788c146a0ef1']",19c5a3d15d92b939549523842bf010df
2554bdac15587d028fa7857848167eb4,"['e657b5121ff8456b9a610cfaead8e0cb' 'b07a7f088364459098cd8511ff27a4c8'
 '785f7f32471c439e89601ab81c828d1d' '6768339b54084020aec27adcef8994ff']",2554bdac15587d028fa7857848167eb4
2b27d987660b3fbe33f43bfab4ac6564,"['e657b5121ff8456b9a610cfaead8e0cb' '3d6b216c14354332b1bf1927ba168986'
 '82b0446e7c9d4fc793f7b97f890e9049' '7d58b089bfc549e8951e91ad62541119'
 '1fa6d3118bd846c8837b5fa9fb78f262' '62c65bbae33c4ee9a21b61f6f454c4b4'
 '30b7034c4468473f98ee18d00ee73b33' '00f78b85e5b84999a810e311e540037b']",2b27d987660b3fbe33f43bfab4ac6564
2eee1b02b02dee003c1775f70f813957,"['e657b5121ff8456b9a610cfaead8e0cb' '3d6b216c14354332b1bf1927ba168986'
 'e2bf260115514fb3b252fd879fb3e7be' '222f0ea8a5684123a7045986640ec844'
 '668cf1fdfd644d39acc6350b86117ea2' '478e4c72d8fb46dd8cc9f0691c9878fd'
 '82b0446e7c9d4fc793f7b97f890e9049']",2eee1b02b02dee003c1775f70f813957
40b1d0a5efd1684b5a5bb486a1b454db,"['e657b5121ff8456b9a610cfaead8e0cb' '68e0c60d2e8845d89d9d0ad397833648'
 'ae1fe1c014c54ec4bcdf10dbdaed5068' '92646910ee624bd7909fac2b5c0232e3'
 '05913bee89a94bca88449249e35ba74d' '57b8930790c34dcba4a32c6be703ed78'
 '838c4498bc3c437f8d65428b580766a2']",40b1d0a5efd1684b5a5bb486a1b454db
63a2a1cd72ee4aae8514a1b3ac5b4153,"['e657b5121ff8456b9a610cfaead8e0cb' '7ab5d53a872f4dfc98f3d386879f3c75'
 'b07a7f088364459098cd8511ff27a4c8' '30c9641543c24773938bd8ec57ea98ab'
 '18b839da898e4026b81727d759d95c6a']",63a2a1cd72ee4aae8514a1b3ac5b4153
767b420b9f192c70035d7fb4ac624eb3,"['e657b5121ff8456b9a610cfaead8e0cb' '3d6b216c14354332b1bf1927ba168986'
 'c68893ca39d74ba08c6eb138f24441e1' '472b23bb92834173b4118d101040c726'
 '81869985b45a4fefbbbb23ea118a3de4' '42b8584c5a874eb08fbd61f0c18f3ca0']",767b420b9f192c70035d7fb4ac624eb3
76ea2ccd8defd5fe8f0994abf89a6e31,"['e657b5121ff8456b9a610cfaead8e0cb' '3d6b216c14354332b1bf1927ba168986'
 '91ff849d12b24574b0691dbddf44968b' 'd73c1f2fb3094d8dace42ad2a76e9a52'
 'cdc8901e668749889bd49bebdc4ff1f6' '36084a9fab53433493f079e97e68bf65'
 'eebcc7ec8e3e4df7aea83659bbdc2199' 'ceadf262ef834e9ab146b20650912cae'
 '7f65feab75424b53b24470d305ba331a']",76ea2ccd8defd5fe8f0994abf89a6e31
7b0d50ca36fedb4fb7b68e4eec73b368,"['e657b5121ff8456b9a610cfaead8e0cb' '3d6b216c14354332b1bf1927ba168986'
 'db541b7260974db8bac94e953009f60e' 'f2ff8044718648e18acef16dd9a65436'
 'f7ab348030714072a277682b51f7c588' '2139b0906dc541e094138a978d070416'
 'ff5466607e5d4453b1d833629292f664' '71f95003936e46a98d90757ffd845d40']",7b0d50ca36fedb4fb7b68e4eec73b368
7b88e7691653f636b158b91247c42615,"['e657b5121ff8456b9a610cfaead8e0cb' '3d6b216c14354332b1bf1927ba168986'
 '36084a9fab53433493f079e97e68bf65' '78213664d0eb45d1a9239ba4b85b10f7'
 '1226e4a4077b4b3a970db4d2509b590c' 'b4c7de7a824a4a71b9f52193d2f1a10d']",7b88e7691653f636b158b91247c42615
7f8423e6b4a3ab5064e9ff23dcd515ca,"['e657b5121ff8456b9a610cfaead8e0cb' '3d6b216c14354332b1bf1927ba168986'
 '6ea0cef05f694dcea455478f40674e45' '7ab5d53a872f4dfc98f3d386879f3c75'
 'af1d0fec22114a3398b8016f5225f9ed' 'b07a7f088364459098cd8511ff27a4c8'
 '8870cf2b5df64d2cab5820f67e29b9f1' 'cd130938a2844050be991af70baf5ee0']",7f8423e6b4a3ab5064e9ff23dcd515ca
940d8d3c2c5834885c79cf828c1137cb,"['e657b5121ff8456b9a610cfaead8e0cb' '3d6b216c14354332b1bf1927ba168986'
 'b07a7f088364459098cd8511ff27a4c8' 'c1a146d7fb16429ea6d0aa2a55ee597f'
 'd3511ecd27cd4166bdb39e757e275300' 'de3b561f5cce4c83bccb39180e362c97'
 '5bfefaa0fce04002851733337bed714c' 'b5fed5609f154df58c6a9f74e55fc0ba'
 '91ae5251eaab4c08afe6cd4cbefcaa6b']",940d8d3c2c5834885c79cf828c1137cb
966a905cf094e3cf44c91ebc9ebc1904,"['e657b5121ff8456b9a610cfaead8e0cb' '3d6b216c14354332b1bf1927ba168986'
 '82b0446e7c9d4fc793f7b97f890e9049' '2d66a15939294d21b83b3e277f0a4e46'
 '8130a1a82bde46048952cf147690e630' '79c99026b7ef4946b9b8e0be841fd4c5'
 'fdcb1673254842f1935f53d0c38c467e']",966a905cf094e3cf44c91ebc9ebc1904
983e01f7e91373ce4f93fb9b16b82f37,"['e657b5121ff8456b9a610cfaead8e0cb' '3b040bcc19f14e04880ae52881a89c1c'
 '3d6b216c14354332b1bf1927ba168986' 'e02be3e37ca0454883a4c1fd859c24bb'
 '6e0c81bef5364c988b21bf9b709d9861' '1dbc51475cb04dafa4a8833a8378635e']",983e01f7e91373ce4f93fb9b16b82f37
9b1c76a2ddd60176752001b3b9c147cb,"['e657b5121ff8456b9a610cfaead8e0cb' '3b040bcc19f14e04880ae52881a89c1c'
 '3d6b216c14354332b1bf1927ba168986' '6e0c81bef5364c988b21bf9b709d9861'
 'f23484b1b45d44c3b7847e1906dddd37' '0211d61aae834229a3a1e004ff5cc658'
 'ccbbbcc055c34709abcf103208c2c299' '989add81cf874018a569239b68d17ff2']",9b1c76a2ddd60176752001b3b9c147cb
a82bda15276dce27bef66a10a15a3fb1,"['e657b5121ff8456b9a610cfaead8e0cb' 'c03ab3ce8cb74ad2a03b94723bfab3c7'
 '0a799eab61bc4e6b884db6689f9c2c4a' '8c34cd494a63438dac219c1dc0f73100'
 'c6f428af0c5e4f629902fd5455bf19ac' 'd1fd271d16c348019c2fcced762b35a2'
 'ffa128c9c0c84d39bad1bba8cfa4adc5']",a82bda15276dce27bef66a10a15a3fb1
b1f91de1c6784988229a450e724fc412,"['e657b5121ff8456b9a610cfaead8e0cb' '6fb57f83baec45c9b30490ee991f433f'
 '68762e6f0d1c41cd857c6b964a8e76c3' '70634e10a5e845aa8c6a32fe7e8eb2b2'
 '04085f7cf46544b79597fc49286ff84d']",b1f91de1c6784988229a450e724fc412
b82f227e2c7b3ab4e25187539ace1216,"['e657b5121ff8456b9a610cfaead8e0cb' '091e998370dd42d1b05ab0fcf6595a7e'
 '1e6cabc18fab4c048281fd29d3044438' 'dc08f6d7398b4b798a3bdccf508a2ad4'
 '1c7fd5af8d8041e186eae2431fc627cd' 'b16eda56dcec40f2b3e109fb9246bee3']",b82f227e2c7b3ab4e25187539ace1216
c25c68e2662c5c32de1b502014590cf7,"['e657b5121ff8456b9a610cfaead8e0cb' '3d6b216c14354332b1bf1927ba168986'
 'd59b49eb94ce442d89907e90c5d3a44e' '8ea7cef407df48098046551e303e1c64'
 '186e60d2176547bf84e5bf87bd16bb40' 'e65017091c8d4c7daa45b6c8414e0465']",c25c68e2662c5c32de1b502014590cf7
ca322957994b2f23af0e8bcc2550ef68,"['e657b5121ff8456b9a610cfaead8e0cb' '3d6b216c14354332b1bf1927ba168986'
 'c2999bdca08a478b84b10219875b285e' '263d07354a1b4336b462024288f9bcd3'
 'f9005e5c01b44bb489f7112322fd1162' 'd9ef017549724f4fbc4ff4ba6701dac0']",ca322957994b2f23af0e8bcc2550ef68
cd075fd077df22767f0bee4befbd9610,"['e657b5121ff8456b9a610cfaead8e0cb' '3d6b216c14354332b1bf1927ba168986'
 '2670deebfa3f4d69bb82c28ab250a209' '3d175ad1f0014cd4871eff4e86db9f88'
 '094a736ba43c4da48c556437f47f88d1' '563c2af32bb3476299e9b24a646097ab']",cd075fd077df22767f0bee4befbd9610
ce7b5cb4e3fb4fd9a08453d18554c799,"['e657b5121ff8456b9a610cfaead8e0cb' '3d6b216c14354332b1bf1927ba168986'
 'de04830d6e414fd5b39a9e90769d9452' '69db426b97714835bf4937180774787a'
 'c5ddb31e0a9c4b2683e4631283dd505b' '0614f00e932c4cd0b53928053811ebc1'
 '9ef487dd0b574b108c60a56d6a2f146c' '4067269e7f6943cdbc299ce02b7eadbd']",ce7b5cb4e3fb4fd9a08453d18554c799
e5a2a05750db1a3e1151f75abdaed149,"['e657b5121ff8456b9a610cfaead8e0cb' '3d6b216c14354332b1bf1927ba168986'
 'bbdd53a15e99452a9deff05d1de2d965' '532bf54d5a924ff48aee254970efb914'
 '2489232bd2bb492babe00617e7290282' 'd2ed972353af4d1db74702638bfdbb58']",e5a2a05750db1a3e1151f75abdaed149
ed9c834c687745e8716e27c3f805a0df,"['e657b5121ff8456b9a610cfaead8e0cb' '3d6b216c14354332b1bf1927ba168986'
 'd203efdbfb2f4b2a899abfb31cf72e82' '6731a665561840c2898ce8c9788e4c88'
 '4026806fa92f4e849a59a7f5c9a45c79' '68e0c60d2e8845d89d9d0ad397833648'
 '101572f552b54e529fe7765c05168981']",ed9c834c687745e8716e27c3f805a0df
edef8a2bd56d008322049355406edcf4,"['e657b5121ff8456b9a610cfaead8e0cb' '3d6b216c14354332b1bf1927ba168986'
 'd562223c17d948bf98e34b4d97dde932' 'cde2d75c51d245879265b79d14b8699b'
 '44594467054849d4a1fadb46ddd51641' '2918130221f94f4387da049b647bfe6a']",edef8a2bd56d008322049355406edcf4
efb3ae073af3ae2b901a79c1e2c49d39,"['e657b5121ff8456b9a610cfaead8e0cb' '3d6b216c14354332b1bf1927ba168986'
 'a671bf7fea2f4514b6e96ba99127fafd' '58a8fa7f29e347bdb9689b70b065a779'
 'fae3fe31deb141ab93143ac411f1eaaa' 'a2cb46c226b94831853a5d28c5d94b0a']",efb3ae073af3ae2b901a79c1e2c49d39
f0cae00083505853fd4004f19fc3d189,"['e657b5121ff8456b9a610cfaead8e0cb' '3d6b216c14354332b1bf1927ba168986'
 'ce55841ebfdd47008bab8c258f10372e' '496f17c2f74244c681db1b23c7a39c0c'
 '4517768fc4e24bd2a790be0e08a7856e' '8169efeea3ce473d9fd2f1c688126a1c'
 'c2d48b75af6a4d7989ccf9eceabd934e' '5f1fc373a8f34050a5f7dbd8ac852c1b'
 '0c010fa3aeac4b28b2fbb8c2339c2521']",f0cae00083505853fd4004f19fc3d189
2bcae705653a8c2dfee33dc9aec75026,"['3b040bcc19f14e04880ae52881a89c1c' '3d6b216c14354332b1bf1927ba168986'
 '17ed1d92075643579a712cc6c29e8ddb' '7ab5d53a872f4dfc98f3d386879f3c75'
 '824d93d9840a4b7c8b1f31bc6816b497' 'f209a808f1f04a5699601e672f4abd06'
 'ccb335166f6c4564ac1c61549d8ded50' 'cbe1a41a82aa4f268e8264568b25938f'
 '28e7639f55ce464c8a080cbb2c745fa2']",2bcae705653a8c2dfee33dc9aec75026
a920920e8e149592d00031f362d614af,"['3b040bcc19f14e04880ae52881a89c1c' '3d6b216c14354332b1bf1927ba168986'
 '17ed1d92075643579a712cc6c29e8ddb' '7ffa3a064bce468082739c5a164df5a3'
 'fd7d94fbab084bc380480abeef6bfade' 'cfb915c95caf41c6a25e99a9f37f03a2']",a920920e8e149592d00031f362d614af
ed18651c3085e19592c04bfcd0b52dac,"['3b040bcc19f14e04880ae52881a89c1c' '3d6b216c14354332b1bf1927ba168986'
 '17ed1d92075643579a712cc6c29e8ddb' 'f23484b1b45d44c3b7847e1906dddd37'
 'efb6350e65964659bc20396c0166b296' 'e095cc36da784300b27c6f8c60a96440']",ed18651c3085e19592c04bfcd0b52dac
ef5440b55c37dc608f23f717bde61396,"['3b040bcc19f14e04880ae52881a89c1c' '3d6b216c14354332b1bf1927ba168986'
 '17ed1d92075643579a712cc6c29e8ddb' '9c980dfe3cab44b7a83408405edab0b6'
 'f23484b1b45d44c3b7847e1906dddd37' '929f30875e1744b49e7b416eaf5a790c'
 '4920fda031804ce8a1073ace8e061ed6' '4b8aa4587c7344adac2cbfa69d5e40fa']",ef5440b55c37dc608f23f717bde61396
fb8c5282757073100fea0ee147a1b32a,"['3b040bcc19f14e04880ae52881a89c1c' '3d6b216c14354332b1bf1927ba168986'
 '17ed1d92075643579a712cc6c29e8ddb' '4a75a9f0b18a48bea9c0601c0fc395c4'
 'e19287afe00a431f9a593a4827d1b448' 'f2c06f3a0c704296bf3353b91ee8af47'
 'f512103ed4624accac6cbbf90d7d250a' '2325dafe50d1435cbee8ebcaa69688df'
 '469aeef98cd1421fa123277b93d7b83a']",fb8c5282757073100fea0ee147a1b32a
0868eedc0ef863a89360ac5deb7182c4,"['3d6b216c14354332b1bf1927ba168986' 'fbeef791d19b413a9c93c6608286ab63'
 'd53f15cb7f7845de91cc44ad44ff9f6e' '23becf8c6fca4f47a53ec4883d4bf63f'
 'd0ffa3bcd1234258953ff4956d19f561' 'ac41b77ba33c4c84877eb425aba03aa1'
 '5d3184dabfd647a5a7e565f72c60ff24' '0ec262c2cfef4dd581f3655e5e496e31'
 '100c2fccd7f74d9281707082f062ba72']",0868eedc0ef863a89360ac5deb7182c4
19b0b1daced528c841d48a7a99e4bb55,"['3d6b216c14354332b1bf1927ba168986' '17ed1d92075643579a712cc6c29e8ddb'
 '6fb57f83baec45c9b30490ee991f433f' '6078b9980a6c4dcd9198d151b833ead7'
 'f93cd6b8213e46dda67af7e5382e1bd2' '496f17c2f74244c681db1b23c7a39c0c'
 'da1684437ab04f23adac28ff70bd8429' '4517768fc4e24bd2a790be0e08a7856e']",19b0b1daced528c841d48a7a99e4bb55
5d4207d4245f8e80d82d635747760370,"['3d6b216c14354332b1bf1927ba168986' '17ed1d92075643579a712cc6c29e8ddb'
 '2567445079794d1e84f17abc48776002' 'f23484b1b45d44c3b7847e1906dddd37'
 'bf6a4c18f44042799eb7456a6b85b54a' 'fac4a59c2278498d83f9f1b4231ad62e'
 'd6d2b5862ddc4c4d87deee3423506817']",5d4207d4245f8e80d82d635747760370
5dbdf06fa4c2f0172e062f438941881b,"['3d6b216c14354332b1bf1927ba168986' '17ed1d92075643579a712cc6c29e8ddb'
 '1f7b02bf486e4f42b23e9cb1a63207f3' 'e744c118ae7f4638a01d060bbaedd6e9'
 'e1c1080c717d437996def1a41772d179']",5dbdf06fa4c2f0172e062f438941881b
5dd431defb92ab5537c35d879d857152,"['3d6b216c14354332b1bf1927ba168986' '17ed1d92075643579a712cc6c29e8ddb'
 'f9005e5c01b44bb489f7112322fd1162' '711ba818354546cea69f1532b92a2f26'
 '28e7639f55ce464c8a080cbb2c745fa2' '4643a7a319674adfb732b6f6122c7c64'
 '46e8056fb2ec4811ab33cb34a0dc9fb3' '8b57a9f43a1942a49b58cf881835f974'
 'f78b01b0d93948c283644ec58f7be74a']",5dd431defb92ab5537c35d879d857152
a20f67b391030e5cac0afe988906825f,"['3d6b216c14354332b1bf1927ba168986' 'fbeef791d19b413a9c93c6608286ab63'
 'a671bf7fea2f4514b6e96ba99127fafd' '66cdf168f36d4a57a505028c97dc06e0'
 '2fbd74d5ccca4be99c5257b3ac95cfba' '0f564ebd53e940fba9d16674ac7bc038'
 '7deb75816e4f473480e0c79ae99b5bf4' '7f85b181f1184f77aeb3ea2155cf4027'
 'd148b2b2033048618f1a090a492a40a5' '4d839a10353e4144a26563b0966721d5']",a20f67b391030e5cac0afe988906825f
a6844f057674db0c5330ba30e9c6e247,"['3d6b216c14354332b1bf1927ba168986' 'fbeef791d19b413a9c93c6608286ab63'
 '3c063eea52e94164b70c99431ea30bae' '599164aead034bc19446efacc77554d2'
 '7ab5d53a872f4dfc98f3d386879f3c75' '2fbd74d5ccca4be99c5257b3ac95cfba']",a6844f057674db0c5330ba30e9c6e247
ae75fa3b40e2d99d51b0839ec4faef35,"['3d6b216c14354332b1bf1927ba168986' '17ed1d92075643579a712cc6c29e8ddb'
 'a671bf7fea2f4514b6e96ba99127fafd' 'db0147eff2204a20b5e5e6bec7a8bae5'
 '67bb4f4678284819add02ba04f3b1103' '2033ec0487f04240abb3bdbe77b39087']",ae75fa3b40e2d99d51b0839ec4faef35
bec622312c7d50d15196290b6635711e,"['3d6b216c14354332b1bf1927ba168986' '17ed1d92075643579a712cc6c29e8ddb'
 'dcb3f4cc8abc46faabc193d9885e91d0' '3295be59128d451bb720c6688adc1e0b'
 'aca3eb8924ac494486fe0bfe892f7f2e' '66689accdd974295b7eb779e43578748']",bec622312c7d50d15196290b6635711e
cd1096eef266dc55fcc79a78604e195f,"['3d6b216c14354332b1bf1927ba168986' '17ed1d92075643579a712cc6c29e8ddb'
 '7ab5d53a872f4dfc98f3d386879f3c75' 'dddb831546354e088d29aebd154e3a31'
 '005d2154da754b21adcd90ac921bd5f7' '711ba818354546cea69f1532b92a2f26'
 '5c4d8a8f9c104176b87d2bfdf04ae0bd']",cd1096eef266dc55fcc79a78604e195f
f07aee97ec45456415a9098726dd2e7a,"['3d6b216c14354332b1bf1927ba168986' '7ab5d53a872f4dfc98f3d386879f3c75'
 'dc94039d6643460ca3c66150b9087129' 'f197d75f159943f8a3ff441199790bc7'
 '4d8890c699684c9381105b03b0b41b03' 'b1658adfa43847eabad1437db235e858'
 'a1773cac7d4c4939aec965660e5015fe' '6a054cb59fb44cf494b93988b5f88833']",f07aee97ec45456415a9098726dd2e7a
fd61fde37c9267966317cf3d724fe633,"['3d6b216c14354332b1bf1927ba168986' '17ed1d92075643579a712cc6c29e8ddb'
 'a671bf7fea2f4514b6e96ba99127fafd' '5ecf534a9ffe46e0b1c2144110c691c0'
 '4d183e7007624fcd98af96b9d752c16d']",fd61fde37c9267966317cf3d724fe633
fe557d4342348364f94380da2231b422,"['3d6b216c14354332b1bf1927ba168986' '17ed1d92075643579a712cc6c29e8ddb'
 '5d97ff82691c4482973d73d1860e4757' '2567445079794d1e84f17abc48776002'
 '392be891f8b649fabdc20e7bf549f669' '0111777c4e9e4260ab2e5ddea7cbcf58']",fe557d4342348364f94380da2231b422
c0726458ba2e66f48f0fa2309b6fff34,"['de9e343f2e334d88a8ac7f8813a915e5' 'e2bf260115514fb3b252fd879fb3e7be'
 'b462b94ce47a4b8c8fffa33f7242acec' '17ed1d92075643579a712cc6c29e8ddb'
 '3ce7c210a21b4deebad7cc9308148d86']",c0726458ba2e66f48f0fa2309b6fff34
07462221b3d84a411e218d4b81d9e334,"['e2bf260115514fb3b252fd879fb3e7be' '3c063eea52e94164b70c99431ea30bae'
 'db541b7260974db8bac94e953009f60e' 'f2ff8044718648e18acef16dd9a65436'
 '00d785e7d76b47ec81b508e768d40584' '87915637da3e474c9349bd0ae604bd95'
 '7282c73622b8408e97289d959faff483' 'b5ecd0553dd742f5813c9b855d548a41'
 '718c507cb8ac49e6a35c251ac951b5ca' 'b45ef27279c043269b23b894461d7d8c'
 '10983a248cc448c59c94df4d1d0898f0']",07462221b3d84a411e218d4b81d9e334
1f738b4b390bb6d06b5afd780d7d1cd1,"['e2bf260115514fb3b252fd879fb3e7be' 'b5ecd0553dd742f5813c9b855d548a41'
 '5a781604f1fb4719b730f43f534627f6' 'ecdc1020b10e49ca869d399825e16fa3']",1f738b4b390bb6d06b5afd780d7d1cd1
44704166a30f1b067418bdeced9c4aab,"['e2bf260115514fb3b252fd879fb3e7be' 'fbeef791d19b413a9c93c6608286ab63'
 'f58813d090b947a48c1b4614b92c3ec3' '30a251bc3d04430d82b5a1a98c7b8c75'
 '93e1d19f9bfa4c6b8962d56d10ea9483' '8046335ba70b434aa3188392a746fd78'
 '5c02b1ab32064c64a0f8b27b219e358a' 'c5f77ba0c261408780db3d50346f16b7'
 '453ecf5476f64f4a8d5020b95baf1314' '6a1d83c9ce2b483dbd7de5ab3ae2487d']",44704166a30f1b067418bdeced9c4aab
539698a25cb179675acbe49815b3afbc,"['e2bf260115514fb3b252fd879fb3e7be' '00d785e7d76b47ec81b508e768d40584'
 'db1295504da645b69d9786d54f233fed' '6ff4ed0dda4f4158af37be99f505565f'
 '5d398b88ee4242a59c32feb188683ec3' '0a784e00c9464bd3aeb830b908f73170']",539698a25cb179675acbe49815b3afbc
5b6f25a5160dd3e31cedbf0e27231ae3,"['e2bf260115514fb3b252fd879fb3e7be' '17ed1d92075643579a712cc6c29e8ddb'
 '5c7ef01f46a94641bf1ae5cd25f8a538' 'aefde1f7617f4c0e9aed31db77f6d862'
 'ad52ba79a84748a49067e53b1d5095f9']",5b6f25a5160dd3e31cedbf0e27231ae3
6d1ff4138a2fdf278463ac4bbbad8361,"['e2bf260115514fb3b252fd879fb3e7be' '17ed1d92075643579a712cc6c29e8ddb'
 '3ce7c210a21b4deebad7cc9308148d86' 'bc70fee2061541148833d19e86f225b3'
 '0fc15cc3b44c4142a770feb4c037a6f7']",6d1ff4138a2fdf278463ac4bbbad8361
aa5f74cf315f6aa83731f3098a81c194,"['e2bf260115514fb3b252fd879fb3e7be' '17ed1d92075643579a712cc6c29e8ddb'
 'b3aeb7ae009a4f52ae3ae4586e32fe11' '089b9b9841714b8da043777e2cda3767'
 '38f1e44579d0437dac1203c34678d3c3' '1ca24718a96b47f3a8855550506c4b41']",aa5f74cf315f6aa83731f3098a81c194
0e85b783058feb121a0f62c97031f9ca,"['17ed1d92075643579a712cc6c29e8ddb' 'e19287afe00a431f9a593a4827d1b448'
 '1b893f24eb98477aad6ce49c0f26737e' '6573bc2af4f94596a3f4452a602d6fc4']",0e85b783058feb121a0f62c97031f9ca
1004c3ef61d917fa05a207f01ed74560,"['17ed1d92075643579a712cc6c29e8ddb' '7ffa3a064bce468082739c5a164df5a3'
 'ff74091eaba246698fcae59c21eec828' 'f6cbbf1b8f4b48a28a16e4dd8976b9bb']",1004c3ef61d917fa05a207f01ed74560
241d0a881a404f7179b8abcb48712c01,"['17ed1d92075643579a712cc6c29e8ddb' '7ab5d53a872f4dfc98f3d386879f3c75'
 'b07a7f088364459098cd8511ff27a4c8' 'f026fab8fec948ae9e7baa2ad715e6ef'
 'd0d7ed36d6f54b5d986dfd854096b728']",241d0a881a404f7179b8abcb48712c01
397a609ce44dd49589cc082c635acd1b,"['17ed1d92075643579a712cc6c29e8ddb' 'c03ab3ce8cb74ad2a03b94723bfab3c7'
 'cec95bf17e7e4c939b56c9c6f402a29f' '599164aead034bc19446efacc77554d2'
 'bbf148ae4d48422f8fdef754cfa2b9e4']",397a609ce44dd49589cc082c635acd1b
f1c4352948a83386ee35325f64c315b7,"['17ed1d92075643579a712cc6c29e8ddb' 'babe97e1d9784cffa1c85abc1e588126'
 'fd9cb733b28d420cb5cef01e545a132c' '0fbcca3f17c649a08aea64b5a7d9ef36']",f1c4352948a83386ee35325f64c315b7
a46344e3103e068d36f2d181c78d6f78,"['32ee140946e5461f9275db664dc541a5' 'c160b9cb27d6408ba6ab20214a2f3f81'
 '23527cd679ff4d5a988d52e7cd056078' 'f1c6eed066f24cbdb376b910fce29ed4'
 '83a6cb03df6b41d8ad6ee5f6fef5f024' '147c038aef3e4422acbbc5f7938c4ab8'
 'b7702b90c7f24190b864e8c6e64612a5' 'de6fa24480894518ab3cbcb66f739266'
 '6fae5ee1a831468aa585a1ea09095998']",a46344e3103e068d36f2d181c78d6f78
1414dfe00486439d8b6e21e0ab903a45,"['c160b9cb27d6408ba6ab20214a2f3f81' 'b84d71ed9c3b45819eb3205fd28e13a0'
 'b0b464bc92a541e48547fe9738378dab' '44c65dda6fb7472dae36f6eea720ab47']",1414dfe00486439d8b6e21e0ab903a45
79aa04e481a4012b9038dab21db76ad6,"['f1c6eed066f24cbdb376b910fce29ed4' 'c27966a4e3be434686454204ac7b3ab4'
 'dab39f92d0ed468c80699f28c05c45fa' '3076f330d121489aa50964ce54a3b1ac'
 'c8e5d3afdcb54c8589e280f0c4a87417']",79aa04e481a4012b9038dab21db76ad6
0c80e93a0cd526d5772684b100405e43,"['2670deebfa3f4d69bb82c28ab250a209' '3d175ad1f0014cd4871eff4e86db9f88'
 'c8e706fbdc90420d952deed03c4f04b4' 'cf6115e69d6649cc99ef2bd11854ccfb'
 '9ed7e3d187b94ab0a90830b17d66615e' 'b4c7432f712849d7aba9dccbb77471ef']",0c80e93a0cd526d5772684b100405e43
01c3b6319760663ac7c9a1cf2b1bd935,"['36a4fcd8efc144e6b8af9a1c7ab8b2ce' '521a862bb196488389f17c0b0f4b6f4d'
 '22ea3328fb6343f4ad2862495ea27640' '3f9a2a2c1c0a424e8b4980ea9d48bdbe']",01c3b6319760663ac7c9a1cf2b1bd935
051f5fcffcb071578deaa06a2635a685,"['fbeef791d19b413a9c93c6608286ab63' '3c063eea52e94164b70c99431ea30bae'
 '7ab5d53a872f4dfc98f3d386879f3c75' '66cdf168f36d4a57a505028c97dc06e0'
 '4bc7440b8f4b4e4cae65a5c49defa923' 'bcfdc48e5f044e1d84c5d217c1992d4b'
 'b232fb0f2ac14790b931d1e7fcddd8ad' '1c16b22e18d3483b8d41b284754274e2'
 '0080f96708cd4054a5f0986ca86889f4' 'e683130322ac47708a852a5e51abb7c5'
 '71a0a8c1beb64da08124205e9a803d98']",051f5fcffcb071578deaa06a2635a685
27cc8dca2eaecc56df40ff1259b58cee,"['fbeef791d19b413a9c93c6608286ab63' 'f23484b1b45d44c3b7847e1906dddd37'
 '32f6f11a7845416b8c6eb9fb0b382140' '91407be8c3e54e23918d3a7183d962db'
 '3831134696584d83bbf676a6b3bfa8f9' '50e512a5dbe941f5af68bfdf74b1c3c0'
 'edc717747e904728b57185f5013461f9' '8fba1fea719d49d380ac2d9c310d68b3'
 '532da08f04f645708e747c57e9c4ee05']",27cc8dca2eaecc56df40ff1259b58cee
29588231a566f2e3de9f1e8a62b56266,"['fbeef791d19b413a9c93c6608286ab63' '289616058bf4495887292003b27ba216'
 '7ffa3a064bce468082739c5a164df5a3' 'ce36d1d637cf4a4e93f5e37ffbc6bd76'
 'eeb9c02c0efa4131b9e95d33c31019fc' '7b2472c5dd9949c58828413387b94659'
 'bdddcb17ba6c408599dd395ce64f960a']",29588231a566f2e3de9f1e8a62b56266
3985deee87120aea5fa768e9170c7361,"['fbeef791d19b413a9c93c6608286ab63' '4f2c665decf242b0bfcaf7350b0e02ed'
 '66cdf168f36d4a57a505028c97dc06e0' '38f51478f41f48db9bee570859b6f43e'
 '896d2a51e8de47de85ba8ced108c3d53' '14555b518e954637b83aa762dc03164e']",3985deee87120aea5fa768e9170c7361
3ab4ffccaf8256da93b5b8b2d90c943f,"['fbeef791d19b413a9c93c6608286ab63' 'a671bf7fea2f4514b6e96ba99127fafd'
 '66c3dffb7d7a4fa8bb6b48a22ca917a6' 'aa946d4379694a74ba0da37e69d2810a'
 '268446fc52a54fd2837f73aeb3e0b74f' 'f6ddfa8491ff40d2839bb5b2e105df22']",3ab4ffccaf8256da93b5b8b2d90c943f
a3a1e7579ad252d4c58c6193b5504bfe,"['fbeef791d19b413a9c93c6608286ab63' 'a671bf7fea2f4514b6e96ba99127fafd'
 '2fbd74d5ccca4be99c5257b3ac95cfba' 'a2b1621a3e424ae29a6a73f00edbeca3'
 'ec45e1c400654c4f875046926486ded7' '047cd93e9d704c7d8dadb6e79f9458df'
 '5b71ee73a5b6484495b2a0a75219426c' 'e1f524d4b9754ce2b64a0a4c8f73b854']",a3a1e7579ad252d4c58c6193b5504bfe
d788500a87babbf7fc609e78e060493d,"['fbeef791d19b413a9c93c6608286ab63' 'aff21f1da1654e7babdcf3fb0e4a75fc'
 '66cdf168f36d4a57a505028c97dc06e0' 'bac51e00d486420c8e91e824d8e17411'
 '4adee3aad6524a4aa4c4711c1ee05e64' 'd034e4fd8ac849278e658daad1a1f033']",d788500a87babbf7fc609e78e060493d
31c28568798886d8f586690e0f0f477b,"['3c063eea52e94164b70c99431ea30bae' '545edff337344e518f68d1301d745455'
 '9376ce8940e647a99e5e087514b88fa4' 'b38a636e86984600bb4b57c2e2df9747'
 '4bc7440b8f4b4e4cae65a5c49defa923' '5d1b038ce8be4533b54dd79d6496de9b'
 'ac6e5a44e0c04a4fa93589376fde4c34' '40e4ef7dbc98473ba311bd837859a62a']",31c28568798886d8f586690e0f0f477b
d7a373e4186ea1ad9e54a33a5c7e2f1a,"['3c063eea52e94164b70c99431ea30bae' 'a671bf7fea2f4514b6e96ba99127fafd'
 'b349041c0be64c62b964ab1234e055e6' '969e1ea0b1e443a68e9a65dfef91d161'
 '8e09e7cfea7d405db8b22ae2f836ccb1' '490583524d394bf79289c5fe34f7dcf1']",d7a373e4186ea1ad9e54a33a5c7e2f1a
0c9912b4dc242caa53d3ec6df160bfec,"['ceadf262ef834e9ab146b20650912cae' '7ab5d53a872f4dfc98f3d386879f3c75'
 '10983a248cc448c59c94df4d1d0898f0' '8b95083939ad4771b57a97c2d5805f36'
 '3c4062de44d64870a3cc5913d5769244' '24652fab20d84381b112b8491de2887e'
 'd4602d4a27b34358baa86814a3836d68']",0c9912b4dc242caa53d3ec6df160bfec
8b764e9bc5ff2fb6ca08d5b70220ba66,"['482027a59f32484c9c44fd700615c1b6' 'de837ff3d626451282ff6ac77a82216d'
 '460295fed3ae4cd39f9f274cec9c2506' '553b285bba60460ab1ed8341ae61282b']",8b764e9bc5ff2fb6ca08d5b70220ba66
04a58d92db9eb3b50b00d935dfc4be91,"['460295fed3ae4cd39f9f274cec9c2506' 'b1f6164116d44fe8b8f135d7f65b9e58'
 'c8b2408617804483b620e1a6691ac90d' 'a5e0d1644eb547ba9a5c3211aac4631a'
 '5a28b94bc63b44edb30c54748fd14f15']",04a58d92db9eb3b50b00d935dfc4be91
c8ea0d05845895b9692235e7dff0d7a4,"['ce54725672a74ebcabe6127577dacb2b' 'ea2b28ca1a974ffab4517811dc1d1e5c'
 'aff21f1da1654e7babdcf3fb0e4a75fc' 'dc2cc9016e3f49dbac7232f05cce794d']",c8ea0d05845895b9692235e7dff0d7a4
036a33f7bae7440b1b9f73f0fff55122,"['7ab5d53a872f4dfc98f3d386879f3c75' '0dddcca0e5df4b16bc03a51a2d2d8e16'
 'df40ad480a3c47299a6c8fad05349304' 'fe98fb197d294b0b837aee8d5a98dfb1'
 'feb9ddd0ac2949178f26a36949aa5422' 'b4e4fa2e3dfc46e68d532d659b18d17d']",036a33f7bae7440b1b9f73f0fff55122
4b9a8f4ccbb34c68e3eae76bc8f0b994,"['7ab5d53a872f4dfc98f3d386879f3c75' '7ce637e4f35b42e3a9f8272cab69cd22'
 '4d999d7744b04a998475f8f8531589f0' '9a6f414210e14841a5b0e661aedc898d'
 'db541b7260974db8bac94e953009f60e' 'f2ff8044718648e18acef16dd9a65436'
 '00d785e7d76b47ec81b508e768d40584' '87915637da3e474c9349bd0ae604bd95'
 '8f1eba29f39e411188200bf0d14628ec' '7282c73622b8408e97289d959faff483']",4b9a8f4ccbb34c68e3eae76bc8f0b994
90ec61cd3b48ca76d750887d30d08016,"['7ab5d53a872f4dfc98f3d386879f3c75' '5564257e89f1428486a64fcf52f49490'
 '83c76fbd2a004d90a5b0a6736ffed61d' 'd9779c41e3c74fe0b26e23822a4b995b'
 '9d7a563b3b2d405092c31f1fe08cff77' 'bd43f3d439a54781bd4b721a9a269b92'
 'adc0f95733e74351a891c4dadf650a52' '225105a7be14447cb03186bd40756059'
 'efce8a9d61254447a26aee99e53f0398']",90ec61cd3b48ca76d750887d30d08016
a2560e0ede818486829442c1f6e3f90b,"['7ab5d53a872f4dfc98f3d386879f3c75' '33b9e826af3f43838c07c847b6349497'
 'dbe9063124d047dc8d6fcaeadcda038f' 'c885166d0c454a748376b56279f96408'
 '586bccefb1e344289c1ee984e165de9c']",a2560e0ede818486829442c1f6e3f90b
a8a882055b379825fd5e73405b085f92,"['7ab5d53a872f4dfc98f3d386879f3c75' '3deb220d31f74103aa44870a36a63220'
 'af7a1584dd15492cb9a4940e285f57fc']",a8a882055b379825fd5e73405b085f92
c72dd4780b72f9f00821a0bf9f02bcb6,"['7ab5d53a872f4dfc98f3d386879f3c75' '7ce637e4f35b42e3a9f8272cab69cd22'
 '4d999d7744b04a998475f8f8531589f0' 'db541b7260974db8bac94e953009f60e'
 'f2ff8044718648e18acef16dd9a65436' '00d785e7d76b47ec81b508e768d40584'
 '87915637da3e474c9349bd0ae604bd95' '8f1eba29f39e411188200bf0d14628ec'
 '7282c73622b8408e97289d959faff483' '859dedcc3736439a8a563419f16cb3d8']",c72dd4780b72f9f00821a0bf9f02bcb6
f38bbac969d88a67d68b93ceb4957404,"['7ab5d53a872f4dfc98f3d386879f3c75' 'e7b103a52e384e3e8bf14105223e7e82'
 '3f1042452c254cecaf7189e89162adc8' 'fd31d549420744d1bd1a6b1112a9a6ba']",f38bbac969d88a67d68b93ceb4957404
08dc4441d8b079c2201c646aa57dec68,"['b07a7f088364459098cd8511ff27a4c8' 'ed559fb4ebde45518849ec803b350fa3'
 'f422035f8b78417f98e4d116971cf9f3' 'c79d686eba044c5586c706cdc096817d'
 '0f70db1e598d463fbbcdd1e288bd9490' 'b35c3d1a7daa4924b6bdb58bc69c354d'
 'a97e2ecd870944cfbe71c79bc0fcc752' '3e1b063bbfa9423d84e50311296d2f3c'
 '9a8ce816ee954bdabd01ea2081538009' '09f18f81442d4d6d93a90f0fac683f9b']",08dc4441d8b079c2201c646aa57dec68
2b4bd1e000c8a8a34fe9fac4d360115e,"['b07a7f088364459098cd8511ff27a4c8' '378fc7636eeb4aabbfd40995a6960c64'
 '80a04aa18cd649d584292f23b10c0727' '4e9ca18ccc1d4527a3bc035d07f5e162']",2b4bd1e000c8a8a34fe9fac4d360115e
5f2031d0db3b974786f20359afd26bc6,"['b07a7f088364459098cd8511ff27a4c8' 'f97011b2a99d44648e18d517e1eae15c'
 '35489ca6a63b47d6a8913cf333818bc1' '5d3344f45e654d2c808481672f2f08dd']",5f2031d0db3b974786f20359afd26bc6
f17a93e1949af035be1e4824206f385b,"['a671bf7fea2f4514b6e96ba99127fafd' '66c3dffb7d7a4fa8bb6b48a22ca917a6'
 '6f3dd1fd6d7f4df4af0656ed0525c92e' '711eb39432794b0a91110358dd536517']",f17a93e1949af035be1e4824206f385b
3fb069ed8802e04fa8fc1cc2e2a916d5,"['00d785e7d76b47ec81b508e768d40584' 'bff3db70f9af4f2c87a93df48ecbb6bc'
 'bf91f36307cb43e1ab1e967cb3ba8274' 'cd58a8740ba54d86a77db9bb9544ef0d'
 'e96d3475d43b42a781b297ae7e650afe' '1ce76a5547854d458878bd445f0ccbd6'
 '11e4325f59394ff1bc89892f79288702' '71743537a07c440ea1710a269da8b538']",3fb069ed8802e04fa8fc1cc2e2a916d5
6138160fcd06aaa5e5058e3af0177c5c,"['a0047221896d418d849847d422fa4bb8' '98fc2ee593184c5a839454db4eec7013'
 '80020a1da63042459e00266b2a605452' '31a7e680c4d54101afe4c8d52d246913']",6138160fcd06aaa5e5058e3af0177c5c
1356538fb18fd91002b00750f2f9bd65,"['a2201b8753ba4847ab0b22054e27d2c0' 'b5ecd0553dd742f5813c9b855d548a41'
 '89b2003e97804961805ea1886d078ebd' '6dd7f5f6b4544271a97f6a136f82fc3d'
 'eb01db8435554f2cbafe39a50f62f20a']",1356538fb18fd91002b00750f2f9bd65
48aaf3866f77369585afc1283e1a3b1a,"['f84314943bee4c859c9a62f268c9c216' 'ba481175ee1d4329bf07757a30abd3a1'
 '8d8da35190bf43c5878fa38f3eb4f3d2' '2fb7e14a3f124526bd7b24867fc18e81']",48aaf3866f77369585afc1283e1a3b1a
fe6a52f206939edc5e977ee64ad94beb,"['5c13c7d61e6c4bfe839f21e7ad3530a7' 'a621663edba64d99b7e50f1e53f32ee7'
 '42be4e140061482ea509dd3e26189480' '4da4ef951ff340f1a3dd679de4be3341'
 '2f05fcce857e4a499ca4e89a3cefbcb3']",fe6a52f206939edc5e977ee64ad94beb
e31264be9300c6a30aa920ff0272a9cf,"['a24e9df02e1b4b43bf6324b039e28285' 'ab3a5a6713244fd595a1ace978c3d960'
 '02a88c0d128e4586b2f1f64329786d3c' '1ca41537c47c4752a17a44d1d7086d96'
 '7e0d14ca308b4796bdc675a64bd3a36e' '8323efc8e539419e9ca3c98e758f6609']",e31264be9300c6a30aa920ff0272a9cf
0987d36a491c685a7886b2fd0588769b,"['453ecf5476f64f4a8d5020b95baf1314' '74d43d20f251441baf8e3db64fedca43'
 'b823ba1bfe944fa9887edd8faf8a5f17' 'd0bfb473fdc64643954cdb4675e2f389'
 'a4db1b2a9c3e4d2d838725f8166c36b4' '8dae140578c841ae9373cbc607c4a6e6'
 'b215cc33cf40434f87f284ff8f3506a4' 'c1ff9d8e1b8745d6860c34ce26122d79'
 '9d1e6ca9ae8e4e068fb74631a633b20b']",0987d36a491c685a7886b2fd0588769b
d19c9b8b5aac469b4044d1b504efb201,"['f3d30627e19245649e497ab49bf0fa30' 'e3f1098c3d984bc7b5f30b9c0101f7a6'
 '24b4a5f4db67418cbfa08c5316f0ab51' 'e4b707e3e6964197855b82fc66ef59e7'
 '109b8be5a8ee4180a1465cd23f019d7b' '49f771e31a0c4b35bc39e389f3623509']",d19c9b8b5aac469b4044d1b504efb201
a373101521db703547cde99638aa004b,"['47df2815030c4f1c99facd5cf2482526' 'ae521508bdc244f99c4fce4ab5214c79'
 '6315b4bf135c40358823ed7e4e4060e2' '33905debec1a45ecae1c65daac1d854c'
 'bfbe904780fe47daad1a04126b12923c']",a373101521db703547cde99638aa004b
5f8661df37baa3fb7886ac845c1b589a,"['a9f50861273c4bb697d868a9d049d392' 'be4820f29fd942b282049fa49697b4ed'
 '6deaefe707f84b3dbda979dea0d095ac' 'd053ea9432a24fb192e8d6aa993b0caa'
 'a3e683d294ed42a28d60d09a36cbeb54' '39887ca8567141d5b857b87a2bca4086'
 '8df8563ab0394ee9a91b89dea7d59404' '12398f70065143839d812fd42ac4b2e7'
 '74d43d20f251441baf8e3db64fedca43' '1b7a22f76f7741e8b140bdc3d8856d76'
 'b823ba1bfe944fa9887edd8faf8a5f17']",5f8661df37baa3fb7886ac845c1b589a
