id,relationship_ids
6a6b204fca456cc0d7497c7446519292,"['907ec65076e5494a8631efffb81b3178' '2dc7f6b230db452190a09643ca3d5ec0'
 'c20ecfc93b3a4875ade5c92cfe4b94a1' '4bc7dc91ede345dfb63d7d4f7ac3554f']"
678f6e80926121e103efae5e48a8c9f2,"['0b2b815c9f834aaaac0c341097def9ba' 'f64e87431d674f298c533f6878458b95'
 '43603c7868164ac38c659bce7a77f45a' 'bdbfbde5dd244447a2a0674b30ae3e8f'
 'f970bfe31db74929abff6ea38e5d18e6' '6f0c2a8b79e6406a8ab7a20864ae2ce2'
 '7b09e60e33f44ffdab9c656c5b9c1d50' '8b7beab7c0a143aea7bffc31df7528d5']"
cd60c553dba9bff40c77be4f699fab03,"['424ae71c56024094a02e6fd9bfcfbb04' '19aa5f0b738c4f4a96668c80c3e93331'
 '0980c4f558654466b4d691d0cb7ce16d' 'f1e47cf5daa441649c3474c3339bb704'
 'c62bb148852b49a98e2779ca23a0919d']"
d50dbe44b899b4cfaf149cb3fd0c4159,"['400d10f2ee1d49be9a66efa34dada0e6' '91deb9f152264e958d106d481ff2e1ee'
 '1868fec1493643208dbdcad7bc97dfa0' '5ca888df9b884e54accdd2ff29d125c1'
 'a7401447d994439993da7cc57f127649' '64961fbc3a1641378be10bcb3b0955e1']"
c94be7ba5abf1f79d420aac7fe8bae2e,"['586cf02da9494088aed9b3419725638f' '8f39ae56f8b54b1b94faf04dbd0b9d11'
 'c20e6b1418a140389c31c7b71a6eba0c' '72b5a0c357c24b739084d501b9354bc1'
 '948a00e8ee1246cc90c47b292d03ddff' '45c42e619f5e488f914608780dcf0579']"
725fed5878bff0529e13ba809e325469,"['229d85a2783e4a2991f17d2ab5750af7' '0af2ca1c090843ea92679fd14c1fbc9a'
 '0daf88ac4ec94cbb868e27e956c6d7f1' '0041db9da3694ad397f37c76f8477770'
 'a7c2a64e06374091adce74adb36801ab']"
52193089f44e2d4de3eae704535af318,"['b7f97d1909a3433abef8ca8e9334fafa' 'c23761290af24cf29adc1ee8644bdad0'
 'b3bf669489ae4913bb60ddfe50e41697' '0538e2dc04174140a43bc0359fed2d23'
 '6e87d210775b45e4a09e518492329bce']"
cd97ce82b07072c24ffdddbbf2a468a4,"['b7fdfffc38b94bf7872eabe9b022c8fd' '6242e0c237a348908d0256ea790a0211'
 '95f79ff0b8a34080ae2ac8448ce561f1' '5f8224530d424618acb32b74a3afe2c9']"
7db76b99a4ad703f2ced3f3241ae2de7,"['7cc9f26737e1442595e53253e98015ef' '78f9b30c08134ac5abb4f4e0bff0f7f2'
 '8b1fff87c350475fb1d411a26c3c5b0c' 'acb53370e72b4430a752d9ea18c17352'
 'b95728a0b96b405cbccafa6c12fd8722']"
e78da4dada0873bf9b05c64978c91bb0,"['a87aa935dccf49cd98b40fb5afe7ad5c' '5a636c894c384532bff66212cf9d5824'
 '8290a6212d6c4430ae0056c7e8eccd5f' 'ddedfd5179e64700adced4803c75cdba']"
ead29f227b9db281279d460a522ad9d5,"['36870a3393f6413e9bf647168eb6977a' 'a9c468ef78704e9aabfc0317a5b1b42d'
 '14f8ac195fdb4e06a0b9ebc6ef391180' '1ef48284d238405f94190125092a3e28'
 '5dc3480806b04fdd8089a3be46e22540' '8733d4602c084e1cab1384dde0306abf']"
3a1d23ceba280b76b50f854902585bbb,"['4fe3ff52700c491f8cc650aadb4d7cb0' '667ee58a79194316ae2b82eadd3fc575'
 '325fc9e2b37043b7af9f6ad338b09469' 'c2e801c8221c4806a4f59ba5b793c784']"
8327ea60cb9724d1bf3f13f18f1b917c,"['f1f6f6435a444e388d67e16e847afca6' '6a87f06ed55a46f29b24f77e548a3f1d'
 '53273797509d45178c49045830ec9fc2' '2383fd3c3b4a4249a5a96550c494edb2'
 '29f172df150042e0a6db5481d5d91cfc']"
69ddcc4f6ff5df8aa797fee7694ff710,"['0af2ca1c090843ea92679fd14c1fbc9a' 'a7c2a64e06374091adce74adb36801ab'
 'f3229f10a5a54cb1b91a26ffa6ee77a3' '7892ab98e1b0475c97a798aa8b2d7f6c'
 '9732636cdd50433bb146a241cd72dbc5' 'a5a8a63d5baf4946b7d7d1696f0e4e0e'
 'a69a82dd8773426096c58ddc56832770' '72a7215e3e4a4b0db851351dfe5afd37']"
b310460babc9fa725ad47320c61e0086,"['1b06d3e53ffd4771952fbef04d1e666c' 'b0e3ee2324054c88adacdf80db13278f'
 '904cd052ec194654bb72f4027e43daa3' '107568a67cac472c89dfce4bbe11157c']"
c4ca69bc6be35c42c4725a35a741befa,"['b8e966b34cba4b11b9995106767212ba' '28b7457ca5dc4a38a488946a3f8e207e'
 '179737fd23c943babdfae01ac5c6bfc3' 'ce0366abadef410d9b65e2bfbbf0b0f9']"
3171a8e0686e844a43b8a5bcb122df77,"['f6de923de6474d2cab6a9c2f0d81fa59' '9ed120043e6247be9965e4904920991b'
 '556fba72a0854ce4831f6cfea6fd035e' 'ca7a635373294067b5f3050c82d38983']"
69db1015cf2586f3740f46c919eb8e25,"['6915637e8d124fdc8473111d501e3703' '8029a14d15404e6db95ddf5e2bf9fc15'
 'de31810d43174a52aa2f31b72f4542f5' 'b5800c807edd4087a2420007272d15d0']"
8aa843d0b018051f90583fd0dee4a404,"['2233f31929194eac89333ce8731a5584' '389314ca89d445888c8d4985864dd733'
 '5174cdabb6024de0975762d3a80b059f' '738fda68df7a49a0bae96673a8711afc']"
76f3b1592256b4437b7d47b5f14ae2c6,"['61f1dc4267314470ac820b6a46c61f7b' '94d81d7de9254ae4b3b16fcc69aa22ea'
 '6016863be3414d5a92397f2d45fdfd78' 'e13eb574e885414b80f0b66992767ef2'
 'f0c21c67baac47f097f74f5055b89877']"
4418484e1f856e36e079b84bd1272840,"['f0c578614b224345974c3e4c110878af' 'a55175ac57014df696ca09d0def9604b'
 '90764eb2cab74cffb1c7d72d28b965cc' '81ee8bb20bbb4d37bc0db642f1c75b8e'
 'd99684f88f2d43eaacd62ba9082b64a5']"
ef6d9b5e0927a32e780b2b369685d3ee,"['7ffb88ebc729492c897ccfb569d7f6d0' '60c9212246f84ae5b6ab254127a39262'
 '42d1a9e749ad40daa34c7b0b695f8751' 'a102d091986749ef90b45d411e707bef'
 '38630cf0996f4cff8d32b2dbdaa5ba85' '323a4c7407ac401db79a6023c3a5a17d']"
ca10fe3d16756300859a0693aee7f7a0,"['60dce7d8bc1b4729a038178a400b9a59' '0f8d0c36a4274526a9eddedae5e63881'
 '20de9a1af6ab4e88acf003cb7be0217c' 'cd6ae38a5a6742899d14f4a064f42c19'
 '1f9abc7d006f4afa86200385acc3d1ae']"
c3025b9f170d4cb9a5794da27f609eb1,"['4cbb4e238c5b4656803fb9b4b6c3512e' '6aedd377efbe4f07ae42e546996e7bfa'
 '1219a14eaf5f49ab84c9287ebf58db7a' 'f91e7c9600ca4623a8cc4a56d2dccd07']"
d9eda21d3e37948306b3b3c665150e73,"['652873bcd6d5432187e5deafc4fc5211' '1aa8484562784f378851c33843c89687'
 'efaa386bd5e9454b87e1851cd8b28ac3' '20a79ddd91ba48e4bb7bc194c79baaf6'
 '8826a17bbda34012b3ea84d58ae531eb']"
98cdaf1813fc652ea5cff51372d95793,"['f33e4e897b1e422bb516e8a2c941d9dc' 'f1a65d05dd5d456b889217020475ef80'
 '1766e8858d7b45ed97f71cb5a39e96ea' 'bab69d76defb402da2a2a358739f1497']"
8ae4de39dd9ba11cfa17e06a2174416b,"['fac4e1553a9840e990bbfff46e64ff27' 'c077d92b48b6477db91e1a0460600f52'
 'c0e28ae832c94405b8ddd4d2ad978be5' '127cbb53940f4efa8e1807b4452375ba']"
b4b2ecf75d1aad0ccc5d6f76a00fe3b9,"['029a55d327ee4fb3a8314b36d52bdf34' '01abe16e67c241a887aa62abe22d155c'
 'c7e8b188b45841a0a1bcb22f3445ea6e' 'a7ec8df038d7461689d28f1bdea84d9b'
 '68f998c9c8c34bb7a994de5a998bb9a0' 'e5c5c87a281b43868c344ff60f44c100'
 '40293e74dbc643e8ab6546dff759ac7c' '1834b753dc7f4a8b98c2317a551b56ee']"
f08d35c87cc299fc9fe46d2ec11626f7,"['5df80c25d33a4d148a14aa614343cc6b' 'efbc2439e5034801af83ac1a0b440535'
 '5a4ad077106a4a3f951f43d2e01499b0' 'e1ed13e29ee946d4aaafac50aaa3b68f'
 '17dbfbecfaf0436bb11ed8f867c0caa1' '6e26ce67bacc4fa089296843463f69ad'
 'd45dea925f8d4e7e93d0e17317001eec']"
937c32a23dadd297f434106e4a601a61,"['87fe1462b9064d5692641ab48e826301' 'ae043af0299f4b32a98cf187efd2a5db'
 '59463c48d2fb48308cd38ee8dd869f59' 'ff69f1aae7404c38b8bde6abc5a79b57']"
0121fa7828a456349a5d679825172e9b,"['6191e014f3f64e46a0777063ed4ac19a' '97958ed004f645b1b331fa0e66faa313'
 '6de4c00e48b3480883e696e24df9fda4' '1c9f67904a4c4fcc8cdac6a605900248'
 'f71dc0c394f04771af7e2ed37f85647e' '392e06f17d724484a9cfb85fe69aac50'
 '21800eab85b94d4880bcada7a60763e5' '61f26f8850504d56a6b7cd764c33299d'
 '873a1ca522e6461090d5cdebc2c9ae98' 'd919ccd28e2248b5ab1dcdd7af8b00cf']"
588823a50fa2ae7eea9383df183d8a98,"['21b0499cf14342269c46170c291d0535' 'c1ef05b38b3f4d59888150fc0dd26826'
 '74cb9b3510e84498b9aee0d904316e8b' '043d764b2e1b4d1294651ff938df5391']"
abe4f205eda50d06d6f8dd7b025f59c7,"['31f2170fef004f3281c533a4a60dc3f3' '57f186c5c2754483ba66750e98222f95'
 '4b3fc569d91f4a7aa6501ad4fcf67b7a' 'cbc1667556f84a5eadf867a823e6986c'
 'a876d1ab79864396bc47a039225fd5c7' 'c09f67d4f25448c99f7c0552c30b7706'
 'c0866306dc8c4da2a8a81c0c3a78b657' '3884c37eb13a4c9097ee2c5be4eeefaf']"
ad37dec2a2a19c9d593c5a4927c7c7d2,"['37049be0a2c240c6a06acf9339237b8b' '8ddefa32e2ed4eaf8f76d17a676f74f3'
 'aafc13d02ade40adae13d3bee241817a' 'a562ffbe986247b7943990e7151f4d69'
 '655d40ea08e348ad94ae49785797da90' '254cea99330f4f2aa062c771146da7ea'
 'a2836232227c4e3383d166db860cb2a3' '8a9247ee9bac45bdbf69c9d0bb8419b5']"
a4cdb403788ae9e31262a18f4fb0801c,"['e785c52881704d95bf4ec03d2720f8ae' '95ec30ce8dbe4ca28714e3e3735da8f3'
 '81a4818e5cf84ea085abf09de385c86e' '7ea0bc1467e84184842de2d5e5bdd78e'
 'd9b127eab2f64e338d7adcd186786a45' 'a18f7c9f58ca49d6acf18e1ca69d3033'
 '757a0f78fcdd4bf6b8326a75fcee9e15' '5b85c70d578c4d67b5cb4743552bd559']"
eced1354dc203db862497de8c414d11c,"['654689c65613476b9905d7afb3809cd2' '259e7f5e2ec04418937513413b6d51d1'
 'b69851bf63e34ced83827b0021628543' '056f23eb710f471393ae5dc417d83fd9'
 '66fa0de756da440bad8da583306410c4' 'd1e9c550a0e74c48ae81c319f26ccafc'
 '82b7f7c27e2348f880c94ffb80942de7']"
54c84a3acff36a81a14e832661cab5fc,"['15dfb45a6ffa4d34ad72cfe4b3c5cc0d' '2289f06dd3804a3c84371dda0bab091e'
 'b83a4e11bfa64559954327714b73293f' 'e1ae27016d63447a8dfa021370cba0fa'
 'c68e6c694a554256846d12178ddb12dc' 'b51ef388758845e880e736309ae791e3'
 '0a841cd4b6664423b033f22e3a80f33c']"
b740e95b2369349a884c647a52dc866f,"['427c3b7458f148d8bace1b768e2b5b7c' '754b0f2616064b18abb90f409ef0539a'
 'de23b974cc90497eb4363e26d931a57c' 'f8c10f61a8f344cea7bdafa2d8af14b8'
 'b5235cb24b8f440389f250ebd5b6e2f8' 'b823c5d22037423da919eee6c35c4c8b'
 '686bc2bd59644e398dde88ffd37bf49b' 'e368f8e9c9864acc880fdb5113631f3f']"
d560c15d411111345f80197f7486058a,"['95d506750fd94e72bbd9cf2d3fe18e28' 'acd35bb6b3cb4979a3f3fb68a86b3b05'
 'a9de65176e234a9f9073b8df9d675e90' 'aa7d003f25624e19bc88d3951d4dc943'
 '757e402cb7ee4601ac1bc8c4fafb5207' '4b3d236101de4904ab348e3e3b11b4be'
 '5be2ce9957ba404f939b6c8175015619' 'fe77344850214c1cac923094de81098c'
 '798f739abfc14a13bf3911d0a9cfb63b']"
617f570544f5137ea2a26ea012860b88,"['bf0138ccbcc740089a55fd0c24897360' '9e1e7f67ba044c7fbf64723af1ade58e'
 '09a1bd11eb9347a9b466edad1a562cc5' '1c97184ce5ea4049be417a3fd125357b'
 'f8fd3fcf650b47b2b1692506ebe77762' 'd95acc24180c47caa34114627d501592'
 'f4753ab09adc42a9a52754e95440d4b9' '12f5a7c56b454a3d8aae97f65908f96b']"
8e000fc4a60954e69e5b2dceaa13a5c0,"['83cd5df42643494396b00d6cb6376def' '57e16ff087a84b8ebd70de1e7e534225'
 '11d74eab1dcb4fcba7c45def5f0ee22d' '13a044c404394c34af1e9b07c48aa985'
 '0970f08f3d1a4d638d44e2ccb9237382' '8f10c11ecb5142029869025521c73431'
 'e36a0e3901864a7eaa5f5ad4280a6471']"
bb8dd1736ac0ae84f0cefaf4d9ae1d0d,"['909d28e443fd4e0bac189373125c8309' 'bbf4007dc9c0486b8ea76d616045467a'
 '4f6a6fd018a948f4bd0e630266b8bf61' '69ef1ac7b1f44372979149e82ecbc860'
 'f805fd9fe42947a38b92a3db6e8cc986' '32e343c0ae454660bdfcd1d3133baf0a'
 '505ab840f6cc4fa6a839ebfe82d255ed' 'e38eb1698900424bb7392a74ff0f3351']"
b5924964ebff3b005590e9cc94e5b39a,"['b9a2ef791a064f038cac2059ebea1138' 'eb961d47a30c4870a1134b4a4672a8b2'
 '2b1ec99684574c2ab26bb050d5b57a4d' 'ae0d3104647f4e6ab3ec2cf8e60be5ca'
 '67d6a3481e4b419292247cef5cd5b737' '8123eee04a3a4c779f03bdb85de99f9f'
 '6129d90c83194bcfaede9ff00a011297']"
cc3f86276324c4b3b25d1ec3649d9abf,"['1ce2b24bc93442148dc2240d3c6223b1' '5b019e8652264136b95306bac70a2e25'
 '1ccce5d1892a4b6995bbaec22882d34d' '49e24b5f2c1d40d7857afe327db4f554'
 '05063c19ddb847a89ae1746588464288' '801b7142ab5b4c5eac41dade999a7c1f'
 'aac39de4e7e74d1c83f0eb835e635c88']"
e77a55ec71b2605da11f93be730a1d44,"['804c1e94e7974332a817931363ddb643' '65a31e4da283411fb7c971f63d606723'
 '51cd93f89fbe4bcf883cdb2ca6774cd6' '587f39a32e93412395d9c22ad0ac2f94'
 '7e88fd2e835147fbb71866612735e8d4' 'bdee1849252749efa2e671ed87641f61'
 'd6aad3495b4d4c7ab2a03c44600584ba' '482d5ecf4ce949e9a5d81f1b368769ee']"
5ba07e67aad936b5e8fdced90ee7e0f5,"['32dc0b572ad84c75a64a2007788eb981' 'a6ae1d99330443fcacb06ace15a0d937'
 '5f353b18fadb438f95ba0ea8feae137c' '8d9ded5fc9cf4c4faba8c6c8cd50e2f4'
 '029d1a8c3b184aa5bb21228f40cd12fd' '1eaf3527e2804c75bbd9e3ccac9d760e']"
75d656d482f083d807ff14652a2871f6,"['f5c11a5ac94e40068bca8be178a6bcd6' 'e379fba901174b529250169e62d98c09'
 '947d70dd14b34cf398a1ab6dbdc51161' '595a841aa6034c93bd3dc55681e17710'
 'a1ebc53a0bc74a0eb6dbdd18cf3c88cd' '057641c1476247958d8c357e17095d8e'
 '65b488142164407a81b496b4820ef556' 'b3b006f8629b44df81a266c1e4d81d3f']"
d677c45b0e6b17b157c972d420c84d31,"['ea28ff7f127e4677a913952595dce2f5' '93b4aa6ce6e44123a861d4c3b3d509a2'
 '90f5597a558a4652bded9001a4ec2e56' 'd0e58b78e8e84a0c8796e707b1f95f65'
 'b61dfd0b24664f37af4046bdf0cb7b19' '64f7a02f89bd4a37844c482f00d00643'
 '99d4510732d843299514461aebd5f176']"
794fefdb523287e635a5dce19320814a,"['192a6d23595045f38b0d46a3d8e52fd6' 'ee8414e314f547eeb369849cdb51bac2'
 '9532cf83e9324ea0a46e5ac89bac407d' '215fcc6a3b5e452da123aa7f9ef0cbc9'
 '5a224002ecbc4725abeb5a424aaca6a6' '48129b4ee99f4e30843fd4395d4815c0'
 '2a48f66b6a424b9ebf38562836fe1c82' 'c235c2c649484c83967e2a42523028bb']"
8757d4df4f6d7215159f27cbefe87143,"['ef67c9fc60284b50aa15ac655b06a155' 'e1c20e06aeac436788a9c6e918bcb844'
 '8919fa72a9e74d1daff801e8f4c15b2b' '0d0fc5d4ecb548079b28979186f19bf6'
 'a51d063ad4c744049edb359eb88407b7' '0bc00f14e6194df7b0fe9ef9ba28d34f'
 '5dffe69693734eaeb360de4582d489b0' 'e4fe96090a7641c68d0b1995d1f238b4'
 '6bf9623c44824e48b7451bdfa1b47816']"
51f5fa0deebff5b32f74d90b957de319,"['cc8201cce1024b5192056fe8e98fda22' '344417f626ef4da4be4539ef4037bf3f'
 'bef38889bb86413895d7dd25b4c3137c' 'e7d3fe0f87ff47f5a4c8d9572d27245a'
 '617a76d54ed546e29428a31dea955b96' '65e5d27c4f8a4dfa8ad92f227964b9cf'
 '63c4595187884af29aa46d03319acded']"
83e00c12ccf537178db6a3b06b5078f2,"['97e097f9022540b88ab7c13d2805c25f' '898a9458adfb4c13a1eafacf6a1068f6'
 'f770bc07cecf4aba8fe2d2c33fdc5542' '6f7165b558ae427ca14b2b16d1e8e204'
 'a8738c7de11543df930169741381c252' '37b7cf055e604ec6927a9f0b15b2698d'
 '182e0f3d0abd4181820acdd2bf8e5eaf' '6fd6398a9bfd496f9a0505d9f3190362']"
78292823ba9a23ddd49ea39f21675fb2,"['829a6299a5fa4e7b8ff4020020a0be05' 'dde2742459c24fb4a91172aa5c1a7620'
 '76b1e69904b84d09ba05c4b7efc48f32' '3f8b5b2727924ba0b62e6286063b6861'
 '3af2a8619c394be6adf06e4bc742b7ec' 'ec3f73ffbb9742e090b65893d040434b'
 '20be7b3222174d31839fac6a278f8b61']"
d740381af8ef46f554299a093537dd69,"['323979a67d79498fa271acdf8cd1a0c2' '3f5590a604894d268603b4b27c3348b5'
 '13cd49512d5642989c2c72bb5e674807' '16d5a528d6374612b87a5656e8d95193'
 'bb5010633113442eaf814852995cfa22' '6ef76e963a564dbe9c9feff4f8ce1683'
 '35688e258b0e4cc78c8b92ef8a13d3e3' '3a9503f2d69343c396c9b1d842d1aa74']"
93f221ac5d3740108fc98f190e7f3d88,"['34ff8ef897804691842071f9ff78708e' '54a20cc6062d4b7193d023b6ff20461f'
 '0964dcfbff934c92af8961155673ac7f' '16911c51c65b42f8a2d04c05f45b2c58'
 'fc3f77f29574410d991a2aa333950bf6' '4f847eb72cbe48678d5634dcf93fc0e2'
 '829e64159ae04301982e88e93a2f0e49' 'cf37d3d4bc154f65b3d79c831c587763'
 '4b4fce341d554012bc73d7886860749e' '9f6e7a08bd814d19b45fac58928027f8'
 'ff9410fed5e64c04a875e040e3d182b2' '1161272728914953b568f384d7a9f2f1'
 'f09c82eb89944ae9846df82135123b90' 'd221b743a51d464b87de3b72b85f6b59']"
993c62a4486ef6aeef83623cbe6ec2b5,"['9535f4d754044e128cd3951a9d2e3702' '269b441634a144219f539202309bc9fb'
 '50c91820a91f488d8606198540aba894' '3f5e9927a4114a958d75f5ed313526a8'
 'bbc4d367c60f41ad8a279c12e5cc7da6' '855c57eecf2a45c7aab02ff1ac36938d'
 '6ee77949c94d4906bd98c24341fdfa03']"
ae030c245f17423575510c619741160a,"['6bb11aa08b414232b5b45f10f5766f62' '3d78aa9d14714ac189e4020f78b15d24'
 '977c895bb98d4136a76e8749533154b6' '0522f6580b824bc39792b695fc8be66b'
 '0f73fcdab31348a880a468124099071c' '24d2dcb7f28144cbad714b0a8b6c9e70'
 '093447e0342e490aa6a55bd70ce7c2f2']"
c73034d6a6f91e79c6bd21fffa416202,"['9f77aa8888bd4f94abba8a77c4b0565c' '2091070e709e45f5ae56d40a9da45520'
 '7f4857f94b4e4e49be7236a42071e167' 'b268cc3ef860434ba663dd46af633cc5'
 '00db8f6e99254c99be6c6f5c14a79500']"
795a6efb4c07565e2cea3077eac4130a,"['dcf33412678340319e7ec8f7be267ef9' '4aa1e0fa00c048939a5d006bfd305fb4'
 '03053ab4a9054384a5f5e88d28841621' '9fd0f20997d541bca46c4ec9843a5d0f'
 '540af5c5d4cd41ceb29c40c5fb02e2fe' '3fbb8aeacea54ca9a957118fba613ccf'
 '09384ed4453846cb8c4d0076ecbf928a' 'a5f6de474fb24ec9af7403231c616831'
 'a0ef87eb823b400594300f5c47e5c9c3' '0757f97d1fbf49748169ba696a364e4c'
 'ca9a355bf38b452cbde62dba747ec65f' 'ba297c67512447e4b86f0cbc39fbc301'
 '00a9c8745b404b659c76a694dba9851c' 'eb338f2214414f0f9fa396f06ca12860'
 'd119680bac3744e58d2ed3273b1208b6' 'd60eefaddf1e4b1db125d8f9ac49bacb']"
429770fe8f393c34ddc5b3b06c00b11f,"['27168beee1ff456696c330c9c3b3259f' '51b82bcdffe04056bad1c082c3830047'
 'bbf83708095f47019eaee93d6879bc77' '245a56f01d1b48a7b4d88ed0e354155a'
 'd3aa564fb4eb430a8ca6813ca76bfff6' 'd9b948357d96419ca135065ce1c360ef'
 '96a21e764d1143fc90de0b2cc7751983']"
d89a41b98c4286f63b72a41c3ebea08d,"['5448f05781de44ea96e3dea40b285842' '64be9b98299f4d349e0f4358685ca235'
 'b50c4f053f0546029c4095b7b93aa05e' '0cea7f7a7fab49339cdd6fb02d0d183e'
 '5b89f0d8101c419b86e1959cca2db848' 'cdb407fc600b45caa6f94f82e89d2e4f'
 '7f4905fcb43e4d6ca23e6d2b40f6958e' 'f5ad4fe84df544c69db25f0e30c6eace'
 '237a46cc973b41dc9af4190c71c5c9e1' 'aaa27aa0b1024e3aa3c87a6ec821a348'
 '223e1e3e7c4f4282b086e940f8c935c2' 'f5bb365c9a814b909df0351498d79bb5'
 '307de250d35e43a8b122c4232fa8fb7c']"
04fc8c8af2f683271e982faea72b6a93,"['2ec093d2a76d45f88ec508e45ba8c6a3' 'f1ebe367253a4a4088b363a6cc4601a1'
 'cf575adc3eb140f9aec33757ec040eb8' '4e581bc7d4424c2fb0023e5b11687e02'
 'ae9f8a02ac0f43d4ba67ccce412989d6' 'b972541545604529a30cabc262d83dae']"
edec272d39e043e58590061853acbd7c,"['f3c3dd44cf50495c81e362174991242e' '86c2b3749a3c4342bbb3a8c70c3a76a0'
 '571f65acb3134490932feeb91b01cca3' 'd3faf86c153f440eaa410305b3dc6617'
 'f85786004b0540349192d2ca05b15264' 'cf56bfc9fa7d47fe9cb553dd09f2b412'
 'a077dbcd38b644f6929cf05272c2fb9d' 'd2659a32b9de406eb750a35d078c9774']"
26753c1ce00073c23f2d14ce40c0d028,"['0b26876307ad4cc48839b61a21a1d03a' 'e6d44d0db58f42799a02eacbd6b14543'
 'c59e3e931b0f4cf888c2eb70857ee753' '305b80bb4df5488b8a34129daeeae0c7']"
12e4194788bfabe6f4a9aadc8f8a1366,"['ff25ce2e8ace4bdcb765c863b483852b' 'd931685d35e149909472f736114ca62f'
 '2b3bea0d9ede41f193828526bcb8e02c']"
eb78ab8fddcb9c2328b61fbcb6f8b8d7,['62e8f5f04cd04384b246291cef3a9e4d' '0f642f63d4af4fc38298822bfc952719']
832e80057536b00f94963c0e4b0ec74e,"['c04abbd5e59b4c64b023908f6db05498' '6bb9bed2e39c4e31a81f12479af3d16c'
 '26c926c6016d4639b05427f01ba629f5' 'bbf61f9cd3e14f46a010d704e86be008'
 'e017ad1f09b049a7ad41d5a11dc1e3d9']"
4ddd4eb11c5e0152334178ab2837961c,"['8f6872eeb81b432b91405d327636113c' 'ac80a99fda2b488285d29596dd4d1471'
 '5cbced0ba7044b7490f520a436261c57']"
193f87cf7e266aa933fcf9c3aab58025,"['b67268f90338474e8e53b9a6715b6833' '75174e7af26f434c9154b182087b58dc'
 '0c43dd117fe6495991d4b4d8c2f5d70e']"
2999540b55ee0bc255eb7068816305ca,"['9eb8c635538243a690366f8bc1de34e0' '050c5b770d51409cb40f9c52f02d1329'
 '9e12f514d26d48dfab65807568a6cff9' '97f98b1623104f48aa93196a1f7dede2'
 '87718ef799a34104b6ef9c2df6621cbc']"
76ea2ccd8defd5fe8f0994abf89a6e31,"['59bcc2ec512c4c1ba44272446b419230' '47d2036509bf408095ab440bd052ac24'
 '97738fe0830d405ba53598b5cb1e5e38' '354cea4f6e164a48ad12122c28a5b30d'
 '1ee2380c1eda4ebb8c9304820750ac88' '57e00d4d4e0e4679a150f048deb80af3'
 'c1e4a9dbe55c4fb89f0d927c9fb067a4' '1474a72a5cff4b72ae6f99e804ceaa95']"
7f8423e6b4a3ab5064e9ff23dcd515ca,"['f3018b934ac241639a33c925c24bc507' 'ad96e5294247465a9c7d5ea8161dc305'
 '09294e8220a445e288ea8841f234a440' 'd4e043cf972c4d129b6b855f1731caae'
 'bd0fb68ac7014b91a314c93ec55897f5' 'f24dcb3cd6d644f8af2b6c47983e280b']"
63a2a1cd72ee4aae8514a1b3ac5b4153,"['07d501edd4614e1d9d08d01b702688a3' 'f745075dedcf444daa9370cf32403d31'
 'd4e043cf972c4d129b6b855f1731caae' 'b1cad695afbc4ec3bbcd46ea34bd26ca'
 '72f7974758d74e5d89ddb64ad739abb8']"
b1f91de1c6784988229a450e724fc412,"['8806b817446447e3b50f5bc85ff497e1' 'b3d3e8ba2ede4574a0498f082f0c15ae'
 'fd8c8b7e3b9248abb1d8cb8958ab86d3']"
ed9c834c687745e8716e27c3f805a0df,"['7303ee20690449db8c168df3fe008bc5' '25c968bf5a4f48369fded6c260f71540'
 '039594428123415f95deb246f5097169' 'd78ce7696ff14234a544de945ffe40d6'
 '59b21508be904875af22b5c1cfdcd211' 'e9c7a1d505b14229afbbef7c0d04751e']"
983e01f7e91373ce4f93fb9b16b82f37,"['2f1c535a14b14758bf1cacca81c74878' '3e1981b9301c4d339a9228ae7a089a04'
 'd0baf2392635468db7f5657f89eb2024' '8f0610c89e9f42e9b8c3d8a947fa2852'
 '75ef3591790a49748154ddbba20e9cdf']"
2eee1b02b02dee003c1775f70f813957,"['3b78cc7ce8224afcab3e4bbe550cde10' 'e7072a582d9b4c1ea8b171ee940d4d6e'
 '973fe6e8a1314a269748f40a98786115' '9a442a8c054d48339aff04923bafe47f'
 'ffdacb33c3a94b7f9d890d7cc03a1f40']"
f0cae00083505853fd4004f19fc3d189,"['29ec9dd9f5864170a7e75c46c11c0090' 'cb6fcf84e3d04ef59b01f97ac94823a1'
 '708ac105e8bb4beeade0472c899f214d' 'b4fe3c6aea95472db73a5e8bf575895a'
 '04ed223f57e44cf18284ba42ba760423' '0debfb49a28d480db1b7d5ef713cac8f']"
ca322957994b2f23af0e8bcc2550ef68,"['7893ee15f0e941cbacad8cc1feaacbaf' '97a21db5f5954e2c8868b298a3f0090e'
 'cac3f76fbc11413e92cdfd3064d56ece' 'f120d98b793a4276a6f1a0a8e51a589a']"
2554bdac15587d028fa7857848167eb4,"['f53397f743ca4d7397c0a694fe787da0' '1087596b06d1400a8f863d0ac1af64a4'
 '76d7feb8140b4064b5492d3055736ee0']"
efb5708268afc67a61b9f35e5fd9b376,"['f4370806deb84d0eb7e85e742e7d4bbf' '90f4ee186bcd4996ad8002888569fffc'
 'c827b62ebf134e55a3ccf0b63f976870' '85698526e09a47878e3255a251d95406'
 '1a625c51e7ad497b86041757d1cde642']"
40b1d0a5efd1684b5a5bb486a1b454db,"['c92392d168c2443e8ed7b04992d0c92b' '4b0efcd54efc40e8a884ac6c31deada2'
 '0b407647077c4288b2324f06ac355985' '4e9254fd4b234106843cf8ff91fd3b6f'
 'e6a7f4ccd6f54136b784572db0d5cb88' 'ccf54360ef954353b71c1c8175cd7f4e']"
9b1c76a2ddd60176752001b3b9c147cb,"['aa247540e90d4a7abc5bca6fafaaffa1' '0ec4ad4398a8457ab3d71bd2561858dc'
 'cd8d9795f540413390927ea2a9e77c26' '58b7f26cb17b4b2283d3cacbaed15cfc'
 '301ab7b5f81d40788e46dacb09579b50' 'd6f25f03a08b41b4a2eaa9df3db9dceb']"
edef8a2bd56d008322049355406edcf4,"['34537afa1e954e08bdb52ead3a49e2f3' '4330f73cb78a4bb39a384eb29112201b'
 '54e486668fa94feda285f377fb05d14d' 'd7c4899260084560905ac54dba81f0e6'
 '880db899ce864932843fe230e3d364ad']"
767b420b9f192c70035d7fb4ac624eb3,"['a9b900821b8444d69f432da08a77539f' '0057fb2ddc0e4088ae5099b7ffa137da'
 'f4f85b6086384211a25248f614bfb786' 'c1a4bcd4e7874e699f06bc795e291150'
 'ca585d891433495aa70a3a01b252e50c']"
7b0d50ca36fedb4fb7b68e4eec73b368,"['1fee51d6f4614127a3e1cc80d018506e' '5070012e83e7442381bcba1cdacdb7d8'
 '7a9e50846c274338ab09e7313b540edb' '3f2e726c3b624fe7bf11de9be2c0457e'
 'cd56c4963a0e49d7bab0e25f0e068779' 'c4d4216677af42f5a29a0f4dcb442220']"
a82bda15276dce27bef66a10a15a3fb1,"['00dc2c0748214e52bc799ca3e25204e9' '9ca07c62b7e146298882e33f3c6cb653'
 'eef3aeb29aba43da93b433a816e77203' '1c2a05515b9f49e1966a4ceb4bb0a3a5']"
966a905cf094e3cf44c91ebc9ebc1904,"['5154b4a4f3ac43729703c69fccb54633' '5eda9074df124f5497f17b61badd52ac'
 '8792fc245cc94235a7764481ebad4828' '26609be86d614d85ae97deeae4a4be1e'
 '7e9d748907ea4b74925a32999a2b40d9' 'eefaef8a5c7149d18d304f39bf41f280']"
b82f227e2c7b3ab4e25187539ace1216,"['09045ef5c4314dde9a631a206274563f' '1b9baa98ede84164883e8cdcbc7000c1'
 'e4f3fcc475a74756925b730caffcb70d' '80618f4e809e4af1bcdb59342c375377'
 '32d785e275be458fb7178ad2021ecdfc']"
2b27d987660b3fbe33f43bfab4ac6564,"['7f3d5282303f4fc3a009e04f7de0ad84' 'fc596a598ff74a4c843e405b597551b5'
 'b5982d09c32e4e7387e88f9160b4dd78' 'cc62f333666e427eb1c66ec3f12a7a55'
 'c6d99481f5f545278ca8a73650b66e87' '5a0887b99d8b4bd89286962cd6f07037']"
19c5a3d15d92b939549523842bf010df,"['073241be9b6a4952ad01dd14b94fb89c' 'd984f08ad62f47ab9aabb9aeec1b245e'
 '2ec5cae98c7a485881f0680fbca6d67f' 'f3e6e2c82bab4430a33987a19e3d1835'
 'ab4ad26863b44497a1e48aa7c17a096c']"
ce7b5cb4e3fb4fd9a08453d18554c799,"['f7ac6bc4a9ca4250ad29a3adb5d08657' 'c87b815d61af448596d3194a804b57b3'
 'b32482039edd4d50bc43514570500345' '6768cc24da5d4a2492ff936dd4b35661'
 '145bc384290c49228a231ac124ce88a8' '9866640f891944c7bb0a08748aa8b91f']"
cd075fd077df22767f0bee4befbd9610,"['ac2ee54e75a2492c8db372dadfccd083' 'ee895ad0b8cd40c29465e8527748d847'
 '1e2eded8ef7b4b458c33fbc2d36c4380' '1ab2048463174873883061373d480ac4'
 '97038fe907af4710859c3daeb13972e9']"
c25c68e2662c5c32de1b502014590cf7,"['fe38c996c2d64bc899eabd6389034075' '2f92fc82c3b74417896bad3bd8e61f5e'
 'b0d513adad104e14a89a767a66f30848' 'db37a25770a34437b472fa0038837868'
 '67746ba67d80491da102aab7704dfd30']"
7b88e7691653f636b158b91247c42615,"['7a4573a19ef94e25b4480cb4d953ae7a' 'b872fcc5b18a4f32b976f4693f22e88e'
 '89dd5a0943c64247adae624abbc95afb' '2192d6436ca840a1bce77dbf9fd354af'
 'ef5e0bbdb3774a22900cf45e9b8863ad']"
efb3ae073af3ae2b901a79c1e2c49d39,"['05f6639803524537b67a7f2b0c66ad23' '8302a03f6ede471bb955c0bbf44a4b3c'
 '0e2f68c8ff734b279b7aad333bcf2fda']"
940d8d3c2c5834885c79cf828c1137cb,"['21bfd14cbc1f4cbc8ac59f7fd8c75b31' 'a02263dd89964a1c8ab2d0e9aba0f4eb'
 '172b0d0fa0794494a3c50b135c1f2cd6' '96f016e343b34ac894b0b7153f474ab0'
 'd356499ae9a345b6bbfb33b5fa01f47b' 'd7ebead985b34576821f30d83a416cd2']"
e5a2a05750db1a3e1151f75abdaed149,"['c19cf2d7b067421990ab9f3acec9e736' '6b7aa6ce4cac4edbaaab831286e67e5e'
 '02c1447586fc46dfa65b793e0105a878' '1b1560bb4b0447e5860f8ba351af112e'
 '23b929895979486cba3bf6a13f4ce655']"
ef5440b55c37dc608f23f717bde61396,"['0948efa844814529b4c023aacbc23d64' '26c9c44e5059429bb8abc3308bc6c814'
 '7af06d2b32a941a4b044579a7c423371' '2864f68297e94d7e84213833e22da077'
 '557ed8720c2845cabcce0287f7284b3e']"
fb8c5282757073100fea0ee147a1b32a,"['fcdc0cc5ff93453eb0b94b9254760999' 'b54436ccc23745c88d24edcc3fdd8ed1'
 'a10b8fad74744ae981747dadf7234b78' '0682e47ed49146c0bc5e2b77fb924b6c'
 '6022e4aa784f42b88dbcb27a5d9d2614' '2ead31e49ce643ebae4d5f047bb7a37b'
 'a74ee5b02e1e41b0ac4cf5449f7cdf2c']"
a920920e8e149592d00031f362d614af,"['3c06988555334a389eab093f98679e85' '2917f3b478b04ffcacd4b47602f4d0f5'
 'c5fac1bea509464d9dc934275d938039' '02393af06d3649549b3e9290b4e46c0a'
 '6529cf63872440a98aeab73beee3762a']"
ed18651c3085e19592c04bfcd0b52dac,"['81ceb8db419b4697ad24e9d7f46422ff' '17c2cc25d00347c3bf2422d4f7a4ad7e'
 '8e0b5b4011d74bbb8dc09fa05d88369c' 'd47535a52c2b40a3bacb3d520b8f0f1c'
 '607a66de21cf42e497c23013327b751f']"
2bcae705653a8c2dfee33dc9aec75026,"['fd05d8198d0947b39b8fa1b16f3ecf5f' 'd67d67cc3698438db76eb4a7f75e1ea0'
 '5d8184f5d52040d8bb67d1a6b889e9fe' '9e92fed814a64d9d88bfab9a227859d3'
 'f26b5e1c52e445998b6a63738d203b38' '0945030309e14518a16df16fbb25c76f'
 '35939cc34a734b5f867f8d75df419f37']"
49290954ecdd529e32620a1efe074e79,"['6bb190069a704ccca3d8e1648a384185' 'f8402b10349f4db888ac4fb6fd81723a'
 'ad76c8dc8dd94412a5e79005cf8e0f2f' '26a03482961e41918ea049018080af7a'
 '1cfd220ff4d2493ca4b92d725d171d32']"
19b0b1daced528c841d48a7a99e4bb55,"['4f29bcf5377d4c9f94ff3f8ca2f8d941' '4728bf0cb7564bbd85c90ceaa846f290'
 '8686013390614eca9116ccbab27431d7' '496ae6a894584a6cb12e50b516341788'
 'dd1a82c597794ba3a490cb70d488d9dd' 'bbd206ae4c1a4794813fd239fcfef313']"
fe557d4342348364f94380da2231b422,"['c8f3e6cadcf34c8fafe8987e4a9b66f8' 'cdac6338c3234797a0d3a32cd68d1b2e'
 '6c98609312154f118c04d8781663b16a' 'b91a6bf16e334b3ab7ec57665e980ceb']"
0868eedc0ef863a89360ac5deb7182c4,"['7cea9903153f43b895c0b23d25bc90a3' '3280fc12ef414827838e6ac7089f0618'
 'cef8ff96a0e842fdae4751933bcb1a28' '93c8356953da486e9630d7e7304a6ff3'
 'dc52f3641c1548bba5b3cf8c65a5c072' 'd0fdcc6945d84b20aa1de4afe2786592'
 'af6e03260c5946be96737b148b5edd9d' '1949eb874c544c58a71bbd04d6241a22']"
3304ccd1a407776fdfe70ecfd3572d71,"['8d75cfea884248aba1f372de5e1b82a9' '4137a2c7dd884bc2a8469b7fa937346c'
 '60b6bf585ccc477d830d4b69b8c7b62a' '0e504b58cbda4d9188050bc43004c01f'
 'c06bd37e120e4af49ec8bd6ce399473b' '0ffea4c3c86849ab828036b67b58acdc']"
fd61fde37c9267966317cf3d724fe633,"['8d75cfea884248aba1f372de5e1b82a9' '0cb2118ecc87439a91409deef7ef9830'
 '019b34e800414f7b87f38a14adf2eb67' '0439db7ac7d2484596e02246bd340424']"
ae75fa3b40e2d99d51b0839ec4faef35,"['4bb78401581b4240b0967309e96af00b' '1b0e7dbc7c5944a7833f6540bde1fa4f'
 '9a5e0a4ae34f46b39a5a028cbc135264' '9cac1113be2148ce8abaa957620f9d59'
 'c277297e3e7b417892e986c8767f58ad']"
5d4207d4245f8e80d82d635747760370,"['a18dd9ea4143411cb32e261db056cf0c' '20c3844c80a140ac97b62dc444feee41'
 'c067e41adf9840df89052b111e6c0a6a' '629cd969d05c4c329bbe24f5d86e0089'
 'd59386dbfa0349b49f7b904e288b21ad' '1005971b7e764bffa0a4610ad403976b']"
cd1096eef266dc55fcc79a78604e195f,"['3984bd063b384901862e68506c77cc68' '45b64fbddd8f4abdb86a9c3c6f53f802'
 '65faae6c13f5444b8d71b4b2be38eba3' '9187af05545a4c8d92e38c2b46254092'
 'f12578d1ff7b46f5ae84c7672fac8deb']"
4b028e742c5bb99151ce8d6869dd59e1,"['45c4ed77967746e485ec9e52c0dcc0d2' '5d507985f2f540d8a1fa2d1191eae2a8'
 '29c05af68cc541b79fdf499eac42b9c6' '8d5d7b8fb7d14d0ba46ce7f0be6de661']"
5dbdf06fa4c2f0172e062f438941881b,"['de51b828ce1f442bbb19a7b20bce9dda' '0eba9d55a3ff46298665a0c292e2237f'
 'bde6223f81884473a1acc3b75dd056aa' '7beb3a2ecfd5419b950a20a155e06169']"
5d67b02ec3d25e19d4c5df9075d68aad,"['4a3ff6a3471945fd8c7fd5c171c56d56' '55e3f4a200eb4619ae2b6efb645464d1'
 '961dda09b0df497a974c38c28eb90686']"
f07aee97ec45456415a9098726dd2e7a,"['31bb84eb2a834dabacc0ed51af4fcefd' '7dccecb29d3a419093b279b22e207539'
 '1fb946075dd54b218b8dfad20647d33e' 'bf90efb1858e49b19987cbd280d0e911'
 'f9949e43ea004014abec1b59f2155b5a' '3d89c7fe0b6448e0a0d27bceccc09f09'
 '185f98d04d9f484ab3d626fd459a23a2']"
bec622312c7d50d15196290b6635711e,"['4cf4107b0e2842778aaa658a1a85f3b3' '4bdaba79a3274241ab98e27aeaf98f57'
 '327114716cea49a79d33ba609158cd87' 'b45920e405af45f787ab167f54cfd2e9']"
5dd431defb92ab5537c35d879d857152,"['d21a1fef903f4a399bd3cd366aad3c9e' '0e504b58cbda4d9188050bc43004c01f'
 '7c8c464ed7044a7896adfeb35f58a04d' 'bfda4c94278b49ab98cd3f407980d4d8'
 '6b5c42bba0ec48c1a5de177a7f1b9bfc' '807561f61906451b880e04ac6a33687f'
 '6058343c0824402e9843c92b2991f778' '383a003edc5a4f2387c7dd7865a984c9']"
a20f67b391030e5cac0afe988906825f,"['e2aacff6b4404574b818e7a3ece57b5b' '5d6dc034d2014e8c930fde69c31b99cf'
 'ea465e5cd92247829f52ff0c8591d1bb' '2dbac25b512c4f21965169a95a910a94'
 'ecacbf62b81d485396a56e1730e75a04' '9802dae4757b42269e93c66b5214a396'
 'c39e66acec274a5980ce275709a847ba' '667794d1397a40bb904d406205960864'
 '891f50162c0140e4b9c0e4ba33f69a1b' '922773e5841a475d89d5904fe7a324f8']"
2733b7b74727ba58db94c1283f095dbb,"['fb61c68efe5b4d69a9623e531e7c639c' '5fa2eec73bec481b85eba22ea7a2a927'
 '727bc610ea9a4393bfa5de453b84340f' '960c3b508a294332ba7c05ffd897db31'
 'bd0c1d79ef1144a49f3ce09d4cdf099b' 'b8ae79ed2d6d43f98e0808b5bea884dd']"
a6844f057674db0c5330ba30e9c6e247,"['dc61e34c1ca8419e923aeeff7d83d949' 'f1ea6ef9539043ab887bcce22ccf9625'
 '9e91823feb174cd1b6a3bf8d0a5cb86b' '6e3c8aa3abab475bb0148faa9112f0bf']"
ff1f5521156a3aa41a97fbd693ec610f,"['697fb824eef34759852f1d5588921aec' 'e6aa5eedca984c56b5fa5e179127951d'
 '2fea9c1856e54a91b79a9ce85755fbf5' 'd06f506604b249feb423915db282ed75'
 'a03b33a4ee97467c808946679e240ddf' '00b685bcb7a54c4493cd78da1f4752ab'
 '9a54e0361b684d24aefdc05fc340cf41']"
c0726458ba2e66f48f0fa2309b6fff34,"['cd7f555e4ab948ba94bade14e262ff84' '86cd53087b2542f898d6cecca31e6145'
 '4cc609b1a64a442aac6b72078a315ac6' 'a3ee323c9c9a4f81b5907030122b80d2']"
aa5f74cf315f6aa83731f3098a81c194,"['a38eace89e7e40de8f007fde24597e9e' '372f78df13f9452b84d898c703a1ba95'
 '2516b3485b754bdabf6820863c918e3d' '0523ed6330f4429f8468f5b49169c940'
 '0b7ac591dfd34971b24d38e344b40c37']"
5b6f25a5160dd3e31cedbf0e27231ae3,"['5d75097d065e4b049a1678deab40949b' 'ea27218042d640fd81c23eb64aff6b46'
 'df91c0e5657a4bafa849c8a3079ca582' '091a9788b29443509feda24aa5f5c241']"
44704166a30f1b067418bdeced9c4aab,"['c277134d380a42cd886a14a953554792' 'b37e5d15f3154ee39df016b8eac8de66'
 'cbecfdbc04c9405aa139566d727d3a33' 'f514a867efb948868009b435fecbe372'
 '6e4c8a7f1da147f5b38103c51c999502' 'ac0e52b6b3ae4cc485f9eef2f2dea7e7'
 'b150af2f3df24f17a7fd836ba663680a' 'f9740be4adc946149b5941f355d45c74'
 'c6afe51b28f94c3ba21640387edd2ee8']"
1f738b4b390bb6d06b5afd780d7d1cd1,"['b680be879404440885b1d3af5b9af583' 'f1ef6375ea84496eaed13c03318d80c6'
 '444ab529d10c47f19ef33e931489b8b8']"
f1c4352948a83386ee35325f64c315b7,"['5927f9089289429da4adf2bbd5641e44' '3730b5d759ba4fd28a54af0a02151f09'
 'c10ffc51dcb54708a1dc757693010bfe']"
397a609ce44dd49589cc082c635acd1b,"['60724b8b268044b69a4b3d939f1757e2' '4aeecb9d885743ca9373337a43957dd8'
 '1121b50f7858427fa679d81861238825']"
6d1ff4138a2fdf278463ac4bbbad8361,"['9e5d626681094933abf87cf797f2fa46' '1c4bd4ba4ef64a93acd55faa8fd97ca9'
 '23ea2a1d78984eb38721adeadee662e1']"
0e85b783058feb121a0f62c97031f9ca,"['545358ff14f84601a22e9f39f5ef1534' '386047cff59549ea83158b69bbac1870'
 'bd1c72f46b81427892b1f415fecce77e']"
241d0a881a404f7179b8abcb48712c01,"['0c0f2d8c623949f1ae89c67d0753aeab' '236dd7dce9ee4cf5918fddd44b4863e5'
 '9a8a2e5e3f2645619a0403532d935afe' '744f492f46d841c0b0fee5f4a9b40b6c']"
1004c3ef61d917fa05a207f01ed74560,"['c44324c171674d00a743413042e9b944' 'ffa9208f15744978a4ea45c1cff18a86'
 '86db00646d264b0a922c6b639dc9d16b']"
a46344e3103e068d36f2d181c78d6f78,"['956113fb770840c38bce65bb5832f988' '785bb55e79954b0c84a4a53cd7f0b454'
 '1239281fd3774b91a99358c9c1e6ee1c' '32b29a842b224f4c99fa1d5c764efc9a'
 'f5ae7dc11fd64822a3a15e7d3839031a' 'e1e254e67719488894eaa3553112a8cf'
 'ebdd79169d7d41b99faf09b039a66204' 'e036534e17b24dd2895167a20873230f'
 'ce8241c964724429bb361b7b53867007' '61cd7f168f7f44d6a23415e9497f1e65']"
1414dfe00486439d8b6e21e0ab903a45,"['a00bc5e4be634b08b1f084b6a07abafd' '351fc21986564103b324540289e2e608'
 '1c8a90b0aed7439286bbf85903d423d4']"
79aa04e481a4012b9038dab21db76ad6,"['3be77a7b57e34c55acc1f1dfbc64ee10' '1730cbfab07747508d5b5ea421b97953'
 '7dd3aadc8f424988a72f8ba3ccf17155' '17127080df794121830177e93631aa3b']"
11e6b3ae933f56d04dc0bf25295f1a04,"['751c564f8ff6444d9d4c8de4a677e655' '96963c158fb64680bded290f442ff9aa'
 'a2e7cbaf38c24564b2abe61680cacd72' '162f1ccf8dfc46cea4d54a36ed9ec823']"
0c80e93a0cd526d5772684b100405e43,"['d03eb34a0612420680555ab9f10d03d5' 'b066746cdff7440c8a3591f0c098201d'
 'ba6829116d114532b99530f101ff0c72' 'e0595082eb9f41a4ac2afd9e614b363c'
 '5bd2ef268d4f4ba18925c17242370e21']"
01c3b6319760663ac7c9a1cf2b1bd935,"['9fd31a28e1384b40a9d1658a765871cd' '0119f233c8394b9584e55fadcce173f0'
 '5c20b469b92446dabb1b68976807be7c']"
3985deee87120aea5fa768e9170c7361,"['2c2392247a35456da663adfcffd12e73' 'ded3a49efdf6479a991cad53d0758cf4'
 '816fceb7e1ca4b5d9277368f78e6ed80' '50539d4503a4495097f49a8ed83e2462'
 'd6f67aa7ef0e4a19bf5830e777aafea5']"
051f5fcffcb071578deaa06a2635a685,"['167a32ff67ce4471baa8cf019ee7c17b' 'f79358f3535045d9aad3b828df59293b'
 '87776e869a01402499a317cb9cf09453' '5d34e587bd2f41dba285e9178f179577'
 '90051a1b69cd40f696e440d54085887e' 'a243935f440241a281fbabb20422c641'
 '34b704124fe94c2f933a344c11165f2e' 'e429a497b01c40f3aef7e2205eaf01d8'
 'f521933b91564693b07bd838160083ac' 'e0d361b6991b40debf5599e86f2638ca']"
29588231a566f2e3de9f1e8a62b56266,"['8e2e6eeed5a04c9f80efbcfc624ced95' '6f750deaedcb4612b419c3d8dd7e5cb2'
 'd5ea3f061e9c419fb1c07b680bfb287a' '1f4fd98283df43c69d5537c002b98f58'
 'f3bb299bf6454785a8a406dce9776789' '218d3d5a4a544df99caed612e48add5b']"
a3a1e7579ad252d4c58c6193b5504bfe,"['ea6d546f1caa4b4aaacdad8b8af195ec' '267ce44e6dae43ee94d0d375ec08ef17'
 '3fa1055cd26840678d546570e8b423d9' '0338bebae19c41c196ee6c09ccba36e3']"
27cc8dca2eaecc56df40ff1259b58cee,"['93f4140f654e41ccba908c6f6dc65f17' 'f7bc5d1fb1404acdb77d50a6b9129141'
 '8db22f709edb4ae98f0fef060ccd24b8' '0e412e834e62475a9fe1920438f7b75b'
 '2e3f6dbac98742ddb213037ae77f0a82' '59ced15f5a1d485ebf0eac7fa85c1cdf'
 '7cef69e2a71c4379b0816844799fc71e' '0f565c275f8148d885ae53c315ddc568']"
3ab4ffccaf8256da93b5b8b2d90c943f,"['fe18688bd4ef44d1a184ec6d1451a5cf' '1064a663ca4742a78e743128546f6d87'
 'd6c00e0a975e4adc979afd25d4037d4d' 'f935684600f34a27906def1902627ff2'
 '72fc2f604fc644e39f7d70e25094e347']"
d788500a87babbf7fc609e78e060493d,"['0f1282bdfedb4f6e8765007a90dd2959' '901b491be7344401b4544ff05e591a0e'
 'aadd82f0e70c4fc49b1bdee3f60c1890' '9528d92ccc10454793c4df59e24586db']"
e278769b0a13ab97a48ea0f7f0aae2a4,"['f0a28fe3f68546dba7850815f7933275' '45b59feba7134bc18632cb42530c189a'
 '7747cd2048f94d378e83265b9561d921' 'c4e9532dbc734264a0e3e827bc8014c6']"
31c28568798886d8f586690e0f0f477b,"['003e5d505a01434596c6d65ff20b0bdf' 'a861f44aa7dd414790ee82b3f651c609'
 'add9948a221a4aabafbaaed650b1db26' '6c04f2ab7c9843ea900c3444b014bed8'
 '88356435ca9d43ebaf93134b3af8a53e' '233edf428a04436a8d32849af584f9d8'
 '28a6317db3d141db82a4a22525265fef']"
07462221b3d84a411e218d4b81d9e334,"['7d375c18c1e2415faecd9f7397068a32' '9a1aff251eda416ea6270e6158e663fc'
 'e00c403d1dc84ba6a37ee193596e320f' '7823b4c5b3364c5f890d05f33a46bdde'
 '234c6f1859f0405ab607f0be53e7b06c' 'b8bb28a7a9624b6d805be89adfe29eb5'
 '4dd086fcba704d26b976c08a81c1465c' '81ffef86ebb341bebf145c742fb33dbd'
 'a0da2872126f43769f75c8533fca5e26']"
d7a373e4186ea1ad9e54a33a5c7e2f1a,"['dfa0e847a6704c93a0fe014b01858ff7' '06282cc8998f4b2ea43e0a9522383639'
 '182efa2240c14212bb021746a18936bd']"
0c9912b4dc242caa53d3ec6df160bfec,"['405e9907440d4deab71f3960ae36f47b' '580fd6d19460460fa40613f66b3ee200'
 '7facdc1f91014f42a67e34bac31a95ce' '2833c46f05984f729c7ec15e071f0c8e'
 'ada7cf1171b74ad793f7856febc9c6fe' '33b355c0a8044ef2b2b8be81bea0d431']"
8b764e9bc5ff2fb6ca08d5b70220ba66,"['e67ce34d48364422973ccf3a6b57af83' '98773a34c9bb474d8a789ea08f57250e'
 'ae260498423e4d55aa413423cd0eb20b']"
c8ea0d05845895b9692235e7dff0d7a4,['6b2586cc1f8e4dc8af64913af63d9837' '7983bfa8d173414685272b3844d6612e']
4b9a8f4ccbb34c68e3eae76bc8f0b994,"['e0d63137270c426dbbfe7fcf78c474de' '3105de8188fd41d88d0dbf0a5d48e443'
 '8108dde0e62a48008a270138a690a0b9' 'd07207b853c14504a44eea1d4778f902'
 '406822a1a01a4140baf9bbf1d479f07e' 'fe47ba3762ae4feda39904d59cbb4160'
 '53032c2afcb5474a88446ad7c5506980' '5c66a88612a245cb91fbba9c094f12fc'
 'b4c54fb7ce0b4b77afd5fbe5a8a2527f']"
a8a882055b379825fd5e73405b085f92,['c50bca18bc454a98b935df012b7fd6f9' 'd4456fac0ada4b6fbe3cfee873403d00']
c72dd4780b72f9f00821a0bf9f02bcb6,"['434b133c64bd46219e67c6eb296ad0ff' '3105de8188fd41d88d0dbf0a5d48e443'
 'c8b60cdb74104667b5d2b4b70d74d039' '333e294d7cc34df4abc47ad9ced3d186'
 '15e66e10d12f4520abca20985d2cb39c' '2a271d9b5d7b46fea4046d5590eed1d7'
 '99e372089bed4a0394af57175679f8e4' '62afe93767684ea38f861d20fb05ff71'
 '8fc1fbff7e6c459c93ce2c2f5a62226e']"
a2560e0ede818486829442c1f6e3f90b,"['cb895bf7e7c147e6b5d923b6c8f67d63' '7e5e5b80b84749d98cb36f56dbfcb47b'
 '6330604339ca4113b94624bc9bed5ede' '9638492c4f034be6b3bf88f8abd82edc']"
90ec61cd3b48ca76d750887d30d08016,"['d1e5359d2e344260bf1b83823df839b7' 'e47ae0eea85b4f6e86b77fe56396460e'
 '1ad7e0ad19334488b5d3b008f93a4ef4' '8c76a8cb5951422ba3b3cc6fcb66a391'
 '096dee591c1f4141a73fd628a59ffbe9' '9886a385806e46a69d92a726017b99b6'
 '4ecf891e9a5b4daf9e02d5b2ec963079' '59207227178147e39296a4059ac1055d']"
036a33f7bae7440b1b9f73f0fff55122,"['84f4684a7a5241c18bb087ccb00550d3' '9607ba4a796f46be8d4f79bc7065d60b'
 '148e7caecdf740e58ee09a9ff549d19c' 'df78f3e3415a4d47b6dffdd3890f3eee'
 '003abb3c5743482aa63022cf20cf5ccc' '4788433078b843079ccd9a64e5430169']"
f38bbac969d88a67d68b93ceb4957404,"['89857eb61e63461cbad7c5014f5098f9' '7b2e7a0d910c4988a7b64489f4159a65'
 '688e9b443bc44782855aea4afd8a9d16']"
5f2031d0db3b974786f20359afd26bc6,"['e6ee83249adf4e14b98d1676b1c6b05f' '3f85dab93736440f9776020b6410aa9b'
 '710ed70c346342ff81ccf205e30271bb']"
08dc4441d8b079c2201c646aa57dec68,"['e8b956218d5c4e5d9d390abcf527a514' '1c8bad73fda646f8b3f413e432f0e351'
 '7e75749d13d24321b8b10c5be0138805' '05bfaf60aa304a288e6789443bd6fd6c'
 '6097e047a74d41ca996a0b7949ef6f0e' 'e257439ce5be47a88faaeb0fe01bc4a1'
 '067b9486d59f45d2963235220f723a41' '87c46c7ead5447bc8309ab116a316959'
 'f607d795f00347109cab3b2370c414f7']"
cdeb6a80c5f50f79066c94f515892c2d,"['9525aa223d774e62ad856c2201cfab1b' '04b3ae04020349a9bc568f26d17eab14'
 '277cdf13617e47ca883b949f495bc243' '26080c121c9645b2bb258e4d61d47672'
 'ee91a06f13b4495f95c800a0c7329ef7' '6ed8b67be79242e98aa1b9283431d5df'
 '40c2425cb1c34c1591f7cb89f9f5e0bf' '7cf59650687a435ba26a7c5ffc6c4f4c'
 '53c2882604b74192a649a4eaa0536c5e']"
2b4bd1e000c8a8a34fe9fac4d360115e,"['39058965295643c8a7738350cc18ceac' '181833ae880a4d0ab24ba0ccb158138d'
 '3426a7ea02f740aeabcb552feee11bcc']"
f17a93e1949af035be1e4824206f385b,"['1064a663ca4742a78e743128546f6d87' 'e13ed464574f483c9f1db5f569e91445'
 'e1131985dc53451fa7543912b2e7db07']"
539698a25cb179675acbe49815b3afbc,"['183f3a0b73ff41c5bb4a19fd7adf0c1d' '3ddb886b220c4bb2ab3d68f7f29ce5c5'
 '2f482bb08d564072a5ff4f2509dfdda6' 'fc86507186da4c6c94fe3b788d77c471']"
3fb069ed8802e04fa8fc1cc2e2a916d5,"['6f49e00cdac04a358173ecd40351ee00' '3fef96af4ec343da8c34f8b09518de8a'
 'bd403eff654e42c997e5656a2b1c1a20' '5763d829837144f199fac2b490b38110'
 '1883a3ca4d6a4bfd984e7053e2553e16' '2a0c93cf781a4020aceef7230b286bbf']"
04a58d92db9eb3b50b00d935dfc4be91,"['ba0ad1bcf02b4928a1b7ff7b23acdd6f' '0e3c66c25d7e43a7960c37d28315e5d8'
 'a0e0d5b7db9f4efcb5277856db799775']"
6138160fcd06aaa5e5058e3af0177c5c,['6fce354faa104fe58ba8a565eb3c43f2' '20585e9a43c04375aa334e946e2dd144']
1356538fb18fd91002b00750f2f9bd65,"['a76322b81f644f3c8733d04fa046b4e4' '653ee6584dbc46d1b8e97a05a3eac81e'
 '9f0d58a479ec404d8e8f493f9269b08d' 'c5ae09d00a3f417981fc4177ef333eff']"
48aaf3866f77369585afc1283e1a3b1a,"['cf16005cfadf4e48832ffd0e43f57be1' 'db10b0e690754748b0d75639f3e8d2b8'
 'ec13b80209e246588bb5486d516f85eb']"
fe6a52f206939edc5e977ee64ad94beb,"['c88ffd2aa7284ac38eb4351c5fad6f44' '0dace3b24df14aae909a2815653e9db1'
 'b3cfde857302479aa59b91d6648a40df' '01a52a986b6a444badc83fb11aa7a160']"
e31264be9300c6a30aa920ff0272a9cf,"['0d0a729e30634e1fb198609ce10c69bf' '896e7d03cad7450e8044fcb0fd9f6e92'
 'a777a0c3a34b4990899f2e1e1f1c2074' '6cd46299702049bcbd39407fa97f0dc0'
 '7af01185ebd648e49bf9a57481e0dc7c']"
0987d36a491c685a7886b2fd0588769b,"['040b86f496dc4930a895f2c21cb0731c' 'dd38d562c21f444190768c8a154280da'
 '1e66c1cbb56b41269555d27e1505ec92' 'a653bd47ad3d4009ab6a5b8e6ff18679']"
d19c9b8b5aac469b4044d1b504efb201,"['374a8f81e6304b6d90b44cdceb90ecb4' '8c6aafd2a5da496385bea2c69be03a5a'
 '06b9da0d4d9b4d6bb762bd2eeca7028a' 'ed076834490640acbb5d837aaac9fed5']"
a373101521db703547cde99638aa004b,"['f64c99537adf489ea58940e417cb5924' 'fe98ea566cf6486b85f8ed14aabb2618'
 '6bfb83cb716745fcb591c8d2fb54f8f4']"
5f8661df37baa3fb7886ac845c1b589a,"['d423b97f085947bd89529bc1ed2c41a7' '6fd2b0d5156c424a89cb1c068cf1e076'
 'a8c8dd8ddbc44363ac2102b9b8989c6d' '00cb0db6e46749f7af97701ad26e23be'
 '4baa53e4336d4807964fa8d186b32bc5' 'f325a83e0c854a7ba5d46663ddff1a29'
 'c2b7e5d9761e423a81149a94537f6def' '3d1ccd312d3a4e7387e888aaa137c7c2'
 '840966e7ac4a4b14ac912e75102d50b7' 'f0ede764bdb1437b8cfcc20ca9598712']"
