text_unit_ids,entity_ids,id
4cf772ca8a1ffad729902e9b630e1ec0,"['b45241d70f0e43fca764df95b2b81f77' '4119fd06010c494caa07f439b333f4c5'
 'd3835bf3dda84ead99deadbeac5d0d7d' '077d2820ae1845bcbb1803379a3d1eae'
 '3671ea0dd4e84c1a9b02c5ab2c8f4bac' '19a7f254a5d64566ab5cc15472df02de'
 'e7ffaee9d31d4d3c96e04f911d0a8f9e']",4cf772ca8a1ffad729902e9b630e1ec0
84d24b5db902baca7217b5e3bb6ec462,"['b45241d70f0e43fca764df95b2b81f77' '0211d61aae834229a3a1e004ff5cc658'
 'ccbbbcc055c34709abcf103208c2c299' '989add81cf874018a569239b68d17ff2'
 'fd7d94fbab084bc380480abeef6bfade']",84d24b5db902baca7217b5e3bb6ec462
b0505e11596cadd9890fef049c29473c,"['4119fd06010c494caa07f439b333f4c5' 'f7e11b0e297a44a896dc67928368f600'
 '859dedcc3736439a8a563419f16cb3d8' '0fc15cc3b44c4142a770feb4c037a6f7'
 'a24e9df02e1b4b43bf6324b039e28285' 'ab3a5a6713244fd595a1ace978c3d960'
 '02a88c0d128e4586b2f1f64329786d3c' '1ca41537c47c4752a17a44d1d7086d96']",b0505e11596cadd9890fef049c29473c
7c1bad237a1ef86cb41b6c5dbad4ffc3,"['3671ea0dd4e84c1a9b02c5ab2c8f4bac' '147c038aef3e4422acbbc5f7938c4ab8'
 'ecdc1020b10e49ca869d399825e16fa3' '0d8fde01d7234726a00d7e73e2e01d66'
 '9c4bd60958fd4e09a6d5b9e2ab163b5a' '39d31f770cf740e78d526a2e1101a1db'
 '9d282b2250f7408888504f1f93c202a8' 'c063484895794a0eaae1b0ff070ad4c9']",7c1bad237a1ef86cb41b6c5dbad4ffc3
f8cf53ce98a8bc52581f7907ad98ef70,"['3671ea0dd4e84c1a9b02c5ab2c8f4bac' 'c160b9cb27d6408ba6ab20214a2f3f81'
 '23527cd679ff4d5a988d52e7cd056078' '147c038aef3e4422acbbc5f7938c4ab8'
 'b7702b90c7f24190b864e8c6e64612a5']",f8cf53ce98a8bc52581f7907ad98ef70
563caa38fe33c495449888d62950b959,"['f7e11b0e297a44a896dc67928368f600' '1fd3fa8bb5a2408790042ab9573779ee'
 '27f9fbe6ad8c4a8b9acee0d3596ed57c' 'e1fd0e904a53409aada44442f23a51cb'
 'de988724cfdf45cebfba3b13c43ceede' '96aad7cb4b7d40e9b7e13b94a67af206'
 'c9632a35146940c2a86167c7726d35e9' '9646481f66ce4fd2b08c2eddda42fc82'
 'd91a266f766b4737a06b0fda588ba40b' 'bc0e3f075a4c4ebbb7c7b152b65a5625'
 '254770028d7a4fa9877da4ba0ad5ad21' '4a67211867e5464ba45126315a122a8a']",563caa38fe33c495449888d62950b959
0dc1f5e4f8fb5903f12acf8e141fb205,"['04dbbb2283b845baaeac0eaf0c34c9da' '1943f245ee4243bdbfbd2fd619ae824a'
 '273daeec8cad41e6b3e450447db58ee7' 'e69dc259edb944ea9ea41264b9fcfe59'
 'e2f5735c7d714423a2c4f61ca2644626' 'deece7e64b2a4628850d4bb6e394a9c3'
 'e657b5121ff8456b9a610cfaead8e0cb' 'bf4e255cdac94ccc83a56435a5e4b075'
 '3b040bcc19f14e04880ae52881a89c1c']",0dc1f5e4f8fb5903f12acf8e141fb205
9aff9243c57cabca574b35438bf31a50,"['bf4e255cdac94ccc83a56435a5e4b075' '482027a59f32484c9c44fd700615c1b6'
 'cec95bf17e7e4c939b56c9c6f402a29f' '599164aead034bc19446efacc77554d2'
 '3e460d9f011d4b0b9ccaae7b6a5202de' '9d98dece22eb401aa1a5ce9c88c603f0'
 '81446ea789b24eaf9eab02dc07c3d984' '79f4b1c1b2be4cf7aa828846e20a4eb6'
 'de04830d6e414fd5b39a9e90769d9452' '69db426b97714835bf4937180774787a'
 '9c7bc862339d4a5bb21ee5154d9b33bb' '17bad53a0ebe4569839e5e151ff78593'
 '53d98f08e7c74158b7318357b6c660b3' 'cd601f77419c403889aadeee591915b5'
 '0f564ebd53e940fba9d16674ac7bc038']",9aff9243c57cabca574b35438bf31a50
2b777e3d591ce1511a03abd1a6d8dc73,"['3b040bcc19f14e04880ae52881a89c1c' 'de61b2670999433f807a6a1dc2b81e43'
 '6a1d83c9ce2b483dbd7de5ab3ae2487d' '6f3dd1fd6d7f4df4af0656ed0525c92e'
 '7f85b181f1184f77aeb3ea2155cf4027' 'd148b2b2033048618f1a090a492a40a5'
 '4d839a10353e4144a26563b0966721d5' '521a862bb196488389f17c0b0f4b6f4d'
 '22ea3328fb6343f4ad2862495ea27640' '3f9a2a2c1c0a424e8b4980ea9d48bdbe'
 'aa2ec452728a4703ae1bdabe85b6c079' 'c5ddb31e0a9c4b2683e4631283dd505b'
 '07d8eeb549044ac88d2e788c146a0ef1' '47df2815030c4f1c99facd5cf2482526'
 'ae521508bdc244f99c4fce4ab5214c79' '6315b4bf135c40358823ed7e4e4060e2'
 '33905debec1a45ecae1c65daac1d854c' 'bfbe904780fe47daad1a04126b12923c'
 '0614f00e932c4cd0b53928053811ebc1' '9ef487dd0b574b108c60a56d6a2f146c']",2b777e3d591ce1511a03abd1a6d8dc73
12294feb07a1d202b27241eaaf64718b,"['3d6b216c14354332b1bf1927ba168986' 'd6d2b5862ddc4c4d87deee3423506817'
 '5a781604f1fb4719b730f43f534627f6' '2918130221f94f4387da049b647bfe6a'
 'fd139ac75b0e4777ab67b7423eaaa37f' 'a701c349eb7142d48ba7efad89caf9d2']",12294feb07a1d202b27241eaaf64718b
32603b739bed06b4695b0cc3915b2c4b,"['3d6b216c14354332b1bf1927ba168986' '3138f39f2bcd43a69e0697cd3b05bc4d'
 'dde131ab575d44dbb55289a6972be18f' 'de9e343f2e334d88a8ac7f8813a915e5'
 'e2bf260115514fb3b252fd879fb3e7be' 'b462b94ce47a4b8c8fffa33f7242acec']",32603b739bed06b4695b0cc3915b2c4b
369b39fdfd649d6df32a5d7b4cc559b7,"['3d6b216c14354332b1bf1927ba168986' '3ce7c210a21b4deebad7cc9308148d86'
 'd64ed762ea924caa95c8d06f072a9a96' 'adf4ee3fbe9b4d0381044838c4f889c8'
 '32ee140946e5461f9275db664dc541a5' 'c160b9cb27d6408ba6ab20214a2f3f81'
 '23527cd679ff4d5a988d52e7cd056078' 'f1c6eed066f24cbdb376b910fce29ed4']",369b39fdfd649d6df32a5d7b4cc559b7
3e143a60e2aeb57eb418a68d1484bbb3,"['3d6b216c14354332b1bf1927ba168986' 'b462b94ce47a4b8c8fffa33f7242acec'
 'adf4ee3fbe9b4d0381044838c4f889c8' 'c160b9cb27d6408ba6ab20214a2f3f81'
 '23527cd679ff4d5a988d52e7cd056078' '0adb2d9941f34ef7b2f7743cc6225844'
 '6b02373137fd438ba96af28f735cdbdb']",3e143a60e2aeb57eb418a68d1484bbb3
812b3414c467da0b62f7932d2adcbad4,"['3d6b216c14354332b1bf1927ba168986' 'd54956b79dd147f894b67a8b97dcbef0'
 '958beecdb5bb4060948415ffd75d2b03' '36a4fcd8efc144e6b8af9a1c7ab8b2ce'
 'fbeef791d19b413a9c93c6608286ab63' 'd2b629c0396f4180a03e16ddf3818589'
 '6102fc6619ed422ebc42588bfa97355d']",812b3414c467da0b62f7932d2adcbad4
849698743b07680402ff8572b1c6c469,"['3d6b216c14354332b1bf1927ba168986' '32ee140946e5461f9275db664dc541a5'
 '23527cd679ff4d5a988d52e7cd056078' 'f1c6eed066f24cbdb376b910fce29ed4'
 '83a6cb03df6b41d8ad6ee5f6fef5f024']",849698743b07680402ff8572b1c6c469
9b364093aeecfc789c70fc5bd9503487,"['3d6b216c14354332b1bf1927ba168986' '05913bee89a94bca88449249e35ba74d'
 '57b8930790c34dcba4a32c6be703ed78']",9b364093aeecfc789c70fc5bd9503487
d0f7c236538005bc3056b7daed2401d8,"['3d6b216c14354332b1bf1927ba168986' '147c038aef3e4422acbbc5f7938c4ab8'
 'd6d2b5862ddc4c4d87deee3423506817' '44594467054849d4a1fadb46ddd51641'
 'e5d40a1b17f74b1db5d18279caedb04a' 'de25d06733d04385825ee082792f5e52'
 '32f6f11a7845416b8c6eb9fb0b382140' '91407be8c3e54e23918d3a7183d962db']",d0f7c236538005bc3056b7daed2401d8
d441b136505c273cf3577b6867e872e4,"['3d6b216c14354332b1bf1927ba168986' 'b462b94ce47a4b8c8fffa33f7242acec'
 '17ed1d92075643579a712cc6c29e8ddb' '3ce7c210a21b4deebad7cc9308148d86']",d441b136505c273cf3577b6867e872e4
e015335cdcae20e6546fe7cbdef56c1a,"['3d6b216c14354332b1bf1927ba168986' 'f2c06f3a0c704296bf3353b91ee8af47'
 'f512103ed4624accac6cbbf90d7d250a' '469aeef98cd1421fa123277b93d7b83a'
 '2fb66f9a0de6406d83b61742a3b52cd6' 'b0e6cfd979ea48b997019b059999d3c2'
 'ef00ec3a324f4f5986141401002af3f6']",e015335cdcae20e6546fe7cbdef56c1a
e6fa3bdaf65c92df6b3430f02804321a,"['3d6b216c14354332b1bf1927ba168986' '1c109cfdc370463eb6d537e5b7b382fb'
 '3d0dcbc8971b415ea18065edc4d8c8ef' '68105770b523412388424d984e711917'
 '85c79fd84f5e4f918471c386852204c5' 'eae4259b19a741ab9f9f6af18c4a0470'
 '3138f39f2bcd43a69e0697cd3b05bc4d' 'dde131ab575d44dbb55289a6972be18f'
 'de9e343f2e334d88a8ac7f8813a915e5']",e6fa3bdaf65c92df6b3430f02804321a
8c70a7321fb0e945054d226a8c69abee,"['dde131ab575d44dbb55289a6972be18f' '252cc8452bfc4c2aa58cab68d8b61879'
 '7f65feab75424b53b24470d305ba331a' 'fd9cb733b28d420cb5cef01e545a132c'
 '0fbcca3f17c649a08aea64b5a7d9ef36' '482027a59f32484c9c44fd700615c1b6'
 'de837ff3d626451282ff6ac77a82216d' '460295fed3ae4cd39f9f274cec9c2506'
 '553b285bba60460ab1ed8341ae61282b' 'cec95bf17e7e4c939b56c9c6f402a29f']",8c70a7321fb0e945054d226a8c69abee
ae6e91a8cc5773dbd4789773c9ef5a30,"['dde131ab575d44dbb55289a6972be18f' 'c160b9cb27d6408ba6ab20214a2f3f81'
 '23527cd679ff4d5a988d52e7cd056078' 'e8868920e21b4431aad16e86db977ecb'
 'aea3378bfff842e5b3f4b7a4b55b3879']",ae6e91a8cc5773dbd4789773c9ef5a30
40f2d6a0270e54743e7ace239369da96,"['17ed1d92075643579a712cc6c29e8ddb' '59c726a8792d443e84ab052cb7942b4a'
 '1ca24718a96b47f3a8855550506c4b41' 'd0ffa3bcd1234258953ff4956d19f561'
 'ac41b77ba33c4c84877eb425aba03aa1' '5d3184dabfd647a5a7e565f72c60ff24'
 '0ec262c2cfef4dd581f3655e5e496e31' '100c2fccd7f74d9281707082f062ba72'
 '378fc7636eeb4aabbfd40995a6960c64' '80a04aa18cd649d584292f23b10c0727'
 '4e9ca18ccc1d4527a3bc035d07f5e162' '5564257e89f1428486a64fcf52f49490'
 '83c76fbd2a004d90a5b0a6736ffed61d']",40f2d6a0270e54743e7ace239369da96
53455f8552b0787cb13c5a03eb550842,"['17ed1d92075643579a712cc6c29e8ddb' '5a28b94bc63b44edb30c54748fd14f15'
 '5ac60a941a5b4934bdc43d2f87de601c' 'cf6115e69d6649cc99ef2bd11854ccfb'
 '9ed7e3d187b94ab0a90830b17d66615e' 'b4c7432f712849d7aba9dccbb77471ef'
 '434e752b992c4e6a812557529315c5b9']",53455f8552b0787cb13c5a03eb550842
6dace8e490674ac8e031aed987a63789,"['17ed1d92075643579a712cc6c29e8ddb' '5a28b94bc63b44edb30c54748fd14f15'
 '735d19aea0744b2295556841c5c4c3fd' '6e0c81bef5364c988b21bf9b709d9861'
 '1dbc51475cb04dafa4a8833a8378635e' 'c12b9ebd8b4e42b7896822a32e3fa6eb'
 '27505f6ade4b4e5f9316ffe9c34821f7' '0ee7db2c6bea4630ba9f0c25e8a967ad']",6dace8e490674ac8e031aed987a63789
1a4bca0786d529c91073997b63412adc,"['adf4ee3fbe9b4d0381044838c4f889c8' 'ed6d2eee9d7b4f5db466b1f6404d31cc'
 '0adb2d9941f34ef7b2f7743cc6225844' '8d141c0b80f74b79a05eed7fe161fe49'
 'e22d1d1cd8d14f12b81828d940f40d70' '9ab48505fb1b487babd0d1f6d3a3f980'
 '148fffeb994541b2b4b6dcefda7001a8' '89c08e793298442686292454a1abff31'
 '0467928aa65e4a4fba62bdb1467e3a54' '43c3390303c6476cb65f584e37c3e81c'
 'fa14b16c17e3417dba5a4b473ea5b18d' '7cc3356d38de4328a51a5cbcb187dac3'
 'bef16fb5fd7344cca5e295b13ef3e0cd']",1a4bca0786d529c91073997b63412adc
53f1b5ad1d2f4ee5dfb53a8f1ff3ec14,"['adf4ee3fbe9b4d0381044838c4f889c8' '6a054cb59fb44cf494b93988b5f88833'
 '71f95003936e46a98d90757ffd845d40' '086da554db5b4ad5806aedeb0024197c'
 'bdcbcccadd474b3bbe9a8f56c811bab4' 'c27966a4e3be434686454204ac7b3ab4'
 'dab39f92d0ed468c80699f28c05c45fa' '3076f330d121489aa50964ce54a3b1ac'
 'c8e5d3afdcb54c8589e280f0c4a87417' 'f3d30627e19245649e497ab49bf0fa30'
 'e3f1098c3d984bc7b5f30b9c0101f7a6' '24b4a5f4db67418cbfa08c5316f0ab51'
 'e4b707e3e6964197855b82fc66ef59e7' '109b8be5a8ee4180a1465cd23f019d7b'
 '49f771e31a0c4b35bc39e389f3623509' 'aa946d4379694a74ba0da37e69d2810a'
 '268446fc52a54fd2837f73aeb3e0b74f' 'f6ddfa8491ff40d2839bb5b2e105df22'
 'db1295504da645b69d9786d54f233fed' '6ff4ed0dda4f4158af37be99f505565f'
 '5d398b88ee4242a59c32feb188683ec3' '0a784e00c9464bd3aeb830b908f73170'
 'b0966a0f455e44229e6c9705d57bfca9' '99761e9b89cc4060be3ed6b34532e7ff'
 '8130a1a82bde46048952cf147690e630']",53f1b5ad1d2f4ee5dfb53a8f1ff3ec14
9cbd4e21339eeed5e22a638e52a094cb,"['adf4ee3fbe9b4d0381044838c4f889c8' '6a054cb59fb44cf494b93988b5f88833'
 '2139b0906dc541e094138a978d070416' '71f95003936e46a98d90757ffd845d40'
 '086da554db5b4ad5806aedeb0024197c' '216ee8a907a0466a88b27f8ada19ffa0'
 '6fefb317687d4ac98efe39a52f3e190f' '320d9d91238948a8be67972ccceab878'
 'bdcbcccadd474b3bbe9a8f56c811bab4' 'f127fc4d87f94794be89134406ba0694'
 'c27966a4e3be434686454204ac7b3ab4']",9cbd4e21339eeed5e22a638e52a094cb
abac77a5673e907cf8d65161c2612784,"['adf4ee3fbe9b4d0381044838c4f889c8' 'ce36d1d637cf4a4e93f5e37ffbc6bd76'
 '838c4498bc3c437f8d65428b580766a2' '532da08f04f645708e747c57e9c4ee05'
 '2139b0906dc541e094138a978d070416' '71f95003936e46a98d90757ffd845d40'
 '8c34cd494a63438dac219c1dc0f73100' 'c6f428af0c5e4f629902fd5455bf19ac'
 'd1fd271d16c348019c2fcced762b35a2' 'ffa128c9c0c84d39bad1bba8cfa4adc5'
 '058f66cc356b43cc9433bd3c8d57fa46' 'ff74091eaba246698fcae59c21eec828'
 'f6cbbf1b8f4b48a28a16e4dd8976b9bb' '757ca40654d5476aa949a26b733be8d4'
 '539d55e7c42e44b59d98f59fae3e0ee1' '3785eeadea9042bfb2e50f16c0397a12'
 '48cd97f2297143e09d61ff2a8542c0c5' 'ff95eb0d5f7f49b782027d5c7ae3c3fe']",abac77a5673e907cf8d65161c2612784
d27237468a1b9e89110eeeca8080f63c,"['adf4ee3fbe9b4d0381044838c4f889c8' '532da08f04f645708e747c57e9c4ee05'
 '472b23bb92834173b4118d101040c726' '81869985b45a4fefbbbb23ea118a3de4'
 '42b8584c5a874eb08fbd61f0c18f3ca0' '824d93d9840a4b7c8b1f31bc6816b497'
 '6a054cb59fb44cf494b93988b5f88833' 'e7b103a52e384e3e8bf14105223e7e82'
 '3f1042452c254cecaf7189e89162adc8' 'fd31d549420744d1bd1a6b1112a9a6ba'
 'f7ab348030714072a277682b51f7c588' '2139b0906dc541e094138a978d070416'
 'ff5466607e5d4453b1d833629292f664' '71f95003936e46a98d90757ffd845d40'
 'bada987ea7da4c939393ee1c3d08ccd4' 'd0a274e7934d446fb91847bb53a961a6'
 '0a799eab61bc4e6b884db6689f9c2c4a' '8c34cd494a63438dac219c1dc0f73100'
 'c6f428af0c5e4f629902fd5455bf19ac']",d27237468a1b9e89110eeeca8080f63c
d44248ff7b7bfd969a7208eb3d6e2a78,"['adf4ee3fbe9b4d0381044838c4f889c8' 'e1f524d4b9754ce2b64a0a4c8f73b854'
 'a4db1b2a9c3e4d2d838725f8166c36b4' 'fae3fe31deb141ab93143ac411f1eaaa'
 '2489232bd2bb492babe00617e7290282']",d44248ff7b7bfd969a7208eb3d6e2a78
7040ba36a7c09899a355d14a30d65375,"['32ee140946e5461f9275db664dc541a5' '59c726a8792d443e84ab052cb7942b4a'
 '5ac60a941a5b4934bdc43d2f87de601c' 'ef00ec3a324f4f5986141401002af3f6'
 'a542fd7aed7341468028928937ea2983' '1c5e296a5ac541c1b5cac4357537c22d'
 '5ecf534a9ffe46e0b1c2144110c691c0' '4d183e7007624fcd98af96b9d752c16d'
 '718c507cb8ac49e6a35c251ac951b5ca' 'b45ef27279c043269b23b894461d7d8c'
 '10983a248cc448c59c94df4d1d0898f0' 'e2ec7d3cdbeb4dd086ae6eb399332363'
 '67f10971666240ea930f3b875aabdc1a' '8b95083939ad4771b57a97c2d5805f36']",7040ba36a7c09899a355d14a30d65375
71f14506a6b15dfabd93fd1606a67b73,"['32ee140946e5461f9275db664dc541a5' '59c726a8792d443e84ab052cb7942b4a'
 'adffed660d154b519c1817e514e83096' '9ed7e3d187b94ab0a90830b17d66615e'
 'b4c7432f712849d7aba9dccbb77471ef' 'ba481175ee1d4329bf07757a30abd3a1'
 '8d8da35190bf43c5878fa38f3eb4f3d2']",71f14506a6b15dfabd93fd1606a67b73
7da3d8d244b67f09425a4a7783e4bb55,"['32ee140946e5461f9275db664dc541a5' '59c726a8792d443e84ab052cb7942b4a'
 '9c980dfe3cab44b7a83408405edab0b6' 'f23484b1b45d44c3b7847e1906dddd37'
 '929f30875e1744b49e7b416eaf5a790c' '4920fda031804ce8a1073ace8e061ed6'
 '4b8aa4587c7344adac2cbfa69d5e40fa' '52701d941dfb45359693baae8f267056'
 '31499ee6277a4d71b19cb5b6be554c69' 'd99eabad5dfd47278692569d2a9395b1'
 'd53f15cb7f7845de91cc44ad44ff9f6e' '23becf8c6fca4f47a53ec4883d4bf63f']",7da3d8d244b67f09425a4a7783e4bb55
93d4d4effbf989e6ef1c4c3b4f42494e,"['32ee140946e5461f9275db664dc541a5' 'd54956b79dd147f894b67a8b97dcbef0'
 'd005bf75c31d4848ad7041f39651e59c']",93d4d4effbf989e6ef1c4c3b4f42494e
9b52298451f8936974ab08a129b0b92e,['32ee140946e5461f9275db664dc541a5'],9b52298451f8936974ab08a129b0b92e
a660289d2bf43f25d3524d35cd2d9a96,"['32ee140946e5461f9275db664dc541a5' '735d19aea0744b2295556841c5c4c3fd'
 '0ee7db2c6bea4630ba9f0c25e8a967ad' '5a6c1d15424149f69052cd8d91fbff75']",a660289d2bf43f25d3524d35cd2d9a96
b149708d0b4ac3ff417565739ea6b03b,"['32ee140946e5461f9275db664dc541a5' 'ce55841ebfdd47008bab8c258f10372e'
 '6090e736374d45fd84f0e4610a314f8f' '0e8d921ccd8d4a8594b65b7fd19f7120'
 '59c726a8792d443e84ab052cb7942b4a' '4f2c665decf242b0bfcaf7350b0e02ed'
 '66cdf168f36d4a57a505028c97dc06e0' '38f51478f41f48db9bee570859b6f43e']",b149708d0b4ac3ff417565739ea6b03b
d08fc91bbfe9749abab38a99a1a88dc6,"['32ee140946e5461f9275db664dc541a5' '9ed7e3d187b94ab0a90830b17d66615e'
 'b4c7432f712849d7aba9dccbb77471ef' '2567445079794d1e84f17abc48776002'
 '392be891f8b649fabdc20e7bf549f669' '785f7f32471c439e89601ab81c828d1d'
 'e683130322ac47708a852a5e51abb7c5' '71a0a8c1beb64da08124205e9a803d98'
 'f84314943bee4c859c9a62f268c9c216']",d08fc91bbfe9749abab38a99a1a88dc6
f76c18c7582167c3626f8741c2c9374f,"['32ee140946e5461f9275db664dc541a5' '6e8d9029ce4e4ea182367173ab2c7bbf'
 'cbf232211e7d4eb6abdbe182f71c2cf0' 'bb0cff774a4440b289cc6f3b929fe13c'
 'ce55841ebfdd47008bab8c258f10372e']",f76c18c7582167c3626f8741c2c9374f
1415949832ba3fee570ea961998a8ac4,"['23527cd679ff4d5a988d52e7cd056078' 'b7702b90c7f24190b864e8c6e64612a5'
 '48c0c4d72da74ff5bb926fa0c856d1a7' '1033a18c45aa4584b2aef6ab96890351'
 'c9b8ce91fc2945b4907fe35519339cac' 'fa3c4204421c48609e52c8de2da4c654'
 '53af055f068244d0ac861b2e89376495' 'c03ab3ce8cb74ad2a03b94723bfab3c7'
 'ed6d2eee9d7b4f5db466b1f6404d31cc' 'fc01e9baa80e417c9206f941bb279407'
 '56d0e5ebe79e4814bd1463cf6ca21394' '7c49f2710e8b4d3b8dc9310834406ea5'
 'c6d1e4f56c2843e89cf0b91c10bb6de2']",1415949832ba3fee570ea961998a8ac4
364624242a84e1859e758069d914d8c8,"['23527cd679ff4d5a988d52e7cd056078' 'b7702b90c7f24190b864e8c6e64612a5'
 'de6fa24480894518ab3cbcb66f739266' '6fae5ee1a831468aa585a1ea09095998'
 'ef32c4b208d041cc856f6837915dc1b0' '07b2425216bd4f0aa4e079827cb48ef5'
 '2670deebfa3f4d69bb82c28ab250a209' '404309e89a5241d6bff42c05a45df206'
 'b785a9025069417f94950ad231bb1441' '3b6cd96a27304614850709aba1c9598b']",364624242a84e1859e758069d914d8c8
4f37c0e9c3c9bac4e5c1c6821eea442e,"['f1c6eed066f24cbdb376b910fce29ed4' '8046335ba70b434aa3188392a746fd78'
 '5c02b1ab32064c64a0f8b27b219e358a' 'c5f77ba0c261408780db3d50346f16b7'
 '453ecf5476f64f4a8d5020b95baf1314' '6a1d83c9ce2b483dbd7de5ab3ae2487d'
 '66c3dffb7d7a4fa8bb6b48a22ca917a6' '6f3dd1fd6d7f4df4af0656ed0525c92e']",4f37c0e9c3c9bac4e5c1c6821eea442e
6a7157695d90d434b2625c3f05420916,"['f1c6eed066f24cbdb376b910fce29ed4' '8870cf2b5df64d2cab5820f67e29b9f1'
 '047cd93e9d704c7d8dadb6e79f9458df' 'e1f524d4b9754ce2b64a0a4c8f73b854'
 '711eb39432794b0a91110358dd536517' '0e00585b08044954a254116665400463'
 'db0147eff2204a20b5e5e6bec7a8bae5']",6a7157695d90d434b2625c3f05420916
bdb8f9e797229f596744d9636ab857b0,"['f1c6eed066f24cbdb376b910fce29ed4' '9ab48505fb1b487babd0d1f6d3a3f980'
 'ec45e1c400654c4f875046926486ded7' '047cd93e9d704c7d8dadb6e79f9458df'
 '5b71ee73a5b6484495b2a0a75219426c' 'e1f524d4b9754ce2b64a0a4c8f73b854'
 'ae1fe1c014c54ec4bcdf10dbdaed5068' '92646910ee624bd7909fac2b5c0232e3']",bdb8f9e797229f596744d9636ab857b0
32e96c66a531ecd0a8edc7414aec0803,"['147c038aef3e4422acbbc5f7938c4ab8' 'd6d2b5862ddc4c4d87deee3423506817'
 '5a781604f1fb4719b730f43f534627f6' '2918130221f94f4387da049b647bfe6a'
 'fd139ac75b0e4777ab67b7423eaaa37f' 'e5d40a1b17f74b1db5d18279caedb04a'
 '3831134696584d83bbf676a6b3bfa8f9' '50e512a5dbe941f5af68bfdf74b1c3c0'
 'edc717747e904728b57185f5013461f9' '8fba1fea719d49d380ac2d9c310d68b3'
 '532da08f04f645708e747c57e9c4ee05' '3cf0ab4cf14e47ddabd49d500a3dc488'
 'a39b72f8921f43ef8ef295c7cc8f7294' '9f5adbeb6cf04f089abe78d86cfa6aba']",32e96c66a531ecd0a8edc7414aec0803
3a0742c280217fe600b9af2d06b58eea,"['d54956b79dd147f894b67a8b97dcbef0' '958beecdb5bb4060948415ffd75d2b03'
 'b999ed77e19e4f85b7f1ae79af5c002a' '48c0c4d72da74ff5bb926fa0c856d1a7'
 '4f3c97517f794ebfb49c4c6315f9cf23' '1745a2485a9443bab76587ad650e9be0'
 '32e6ccab20d94029811127dbbe424c64' '94a964c6992945ebb3833dfdfdc8d655'
 '1eb829d0ace042089f0746f78729696c']",3a0742c280217fe600b9af2d06b58eea
25797740f434cc2bf16365fc498791f6,"['015e7b58d1a14b44beab3bbc9f912c18' '26f88ab3e2e04c33a459ad6270ade565'
 'babe97e1d9784cffa1c85abc1e588126']",25797740f434cc2bf16365fc498791f6
e0cc1cf05b92456e09100790815186fe,"['c6d1e4f56c2843e89cf0b91c10bb6de2' '252cc8452bfc4c2aa58cab68d8b61879'
 '91ff849d12b24574b0691dbddf44968b' 'd73c1f2fb3094d8dace42ad2a76e9a52'
 'cdc8901e668749889bd49bebdc4ff1f6' '36084a9fab53433493f079e97e68bf65'
 'eebcc7ec8e3e4df7aea83659bbdc2199' 'ceadf262ef834e9ab146b20650912cae'
 '7f65feab75424b53b24470d305ba331a']",e0cc1cf05b92456e09100790815186fe
e442fbb7a67e97ebc4de131b25c639e1,"['c6d1e4f56c2843e89cf0b91c10bb6de2' 'bb9e01bc171d4326a29afda59ece8d17'
 '3c063eea52e94164b70c99431ea30bae' '252cc8452bfc4c2aa58cab68d8b61879'
 '7e2c84548fb94ee395ba8588d8f2a006' 'f034618dde7948beb6dab30176d0fc87'
 '5c41f96be13e49dba649454297834546' '7ea4afbf8a264f29af29950ce98105ba'
 '91ff849d12b24574b0691dbddf44968b' 'd73c1f2fb3094d8dace42ad2a76e9a52'
 'cdc8901e668749889bd49bebdc4ff1f6']",e442fbb7a67e97ebc4de131b25c639e1
5b2968b8f1c891d47ecbe641c3391663,"['0adb2d9941f34ef7b2f7743cc6225844' '9ab48505fb1b487babd0d1f6d3a3f980'
 'd0bfb473fdc64643954cdb4675e2f389' 'b609f1939dae4c7383c7d199bb3c7dc3'
 'd6e6366617e04b0ba6732fd1d2d76429' 'b4c4354c8edb40db984942799fe0c8b1']",5b2968b8f1c891d47ecbe641c3391663
805a07a8f9c2ed5da2d9a61356aafa77,"['0adb2d9941f34ef7b2f7743cc6225844' 'ede9350632084da5b0b577ff799ab14b'
 'b35c3d1a7daa4924b6bdb58bc69c354d' 'a97e2ecd870944cfbe71c79bc0fcc752'
 '3e1b063bbfa9423d84e50311296d2f3c']",805a07a8f9c2ed5da2d9a61356aafa77
8e69f04648f5fc24c299591365f1aa68,"['0adb2d9941f34ef7b2f7743cc6225844' '478e4c72d8fb46dd8cc9f0691c9878fd'
 '82b0446e7c9d4fc793f7b97f890e9049' '8169efeea3ce473d9fd2f1c688126a1c'
 'c2d48b75af6a4d7989ccf9eceabd934e' '5f1fc373a8f34050a5f7dbd8ac852c1b'
 '0c010fa3aeac4b28b2fbb8c2339c2521']",8e69f04648f5fc24c299591365f1aa68
a739018eb63cbb6c26b779bd37afc233,"['0adb2d9941f34ef7b2f7743cc6225844' 'c2999bdca08a478b84b10219875b285e'
 '263d07354a1b4336b462024288f9bcd3' 'f9005e5c01b44bb489f7112322fd1162'
 'd9ef017549724f4fbc4ff4ba6701dac0' '33b9e826af3f43838c07c847b6349497'
 'dbe9063124d047dc8d6fcaeadcda038f' 'c885166d0c454a748376b56279f96408'
 '586bccefb1e344289c1ee984e165de9c' 'a2201b8753ba4847ab0b22054e27d2c0']",a739018eb63cbb6c26b779bd37afc233
21cdf11c58927ae505d3d375d1b75c82,"['9ab48505fb1b487babd0d1f6d3a3f980' 'd6d2b5862ddc4c4d87deee3423506817'
 '47d588d26e2b4cccb68fe2af4c147c8f' 'c0f2dc03d8df400db4997c1a0babd6ad']",21cdf11c58927ae505d3d375d1b75c82
3e292d936b7efa377ba9530456cfd888,"['9ab48505fb1b487babd0d1f6d3a3f980' 'b823ba1bfe944fa9887edd8faf8a5f17'
 '03afe9988f864c9fa501bfbf043f74c0' '1226e4a4077b4b3a970db4d2509b590c'
 '170507a64973429f818067b80506d428' 'fd9b298e6aea4685bbb2064b05fcda79'
 'eeecb159cc8a4c8989f8da0f3df09f2a' '70f22b1d7336492dbade94b8edefe457'
 '66e098dc431146e19fc4bc2ea37efbd9']",3e292d936b7efa377ba9530456cfd888
9243633f55cccd0885ba553e14fa5e3f,"['fd9cb733b28d420cb5cef01e545a132c' '838c4498bc3c437f8d65428b580766a2'
 '1b893f24eb98477aad6ce49c0f26737e' '6573bc2af4f94596a3f4452a602d6fc4'
 '0dddcca0e5df4b16bc03a51a2d2d8e16' 'df40ad480a3c47299a6c8fad05349304'
 'fe98fb197d294b0b837aee8d5a98dfb1' 'feb9ddd0ac2949178f26a36949aa5422'
 'b4e4fa2e3dfc46e68d532d659b18d17d']",9243633f55cccd0885ba553e14fa5e3f
ce9cc3ed2e5f890d02e867ed0b0f8ff9,"['fd9cb733b28d420cb5cef01e545a132c' '838c4498bc3c437f8d65428b580766a2'
 '1b893f24eb98477aad6ce49c0f26737e' '6573bc2af4f94596a3f4452a602d6fc4'
 '0dddcca0e5df4b16bc03a51a2d2d8e16' 'b4e4fa2e3dfc46e68d532d659b18d17d'
 'f58813d090b947a48c1b4614b92c3ec3' '30a251bc3d04430d82b5a1a98c7b8c75'
 '93e1d19f9bfa4c6b8962d56d10ea9483']",ce9cc3ed2e5f890d02e867ed0b0f8ff9
3da10b454f926a257b9fdf5d2487c0a5,"['0fbcca3f17c649a08aea64b5a7d9ef36' '553b285bba60460ab1ed8341ae61282b'
 'bbf148ae4d48422f8fdef754cfa2b9e4' '46e8056fb2ec4811ab33cb34a0dc9fb3'
 '8b57a9f43a1942a49b58cf881835f974' 'f78b01b0d93948c283644ec58f7be74a'
 '8dbe8f9867e4448f998416c18923eac4' 'fe8ea8bf1395434393e04e8f7a33025f']",3da10b454f926a257b9fdf5d2487c0a5
5aaa26fbe97dc7573cd1a56d6fb11213,"['0fbcca3f17c649a08aea64b5a7d9ef36' '005d2154da754b21adcd90ac921bd5f7'
 '711ba818354546cea69f1532b92a2f26' '5c4d8a8f9c104176b87d2bfdf04ae0bd'
 '5a781604f1fb4719b730f43f534627f6']",5aaa26fbe97dc7573cd1a56d6fb11213
8ac79ce92be1254dfda9a10eb54ab703,"['0fbcca3f17c649a08aea64b5a7d9ef36' '46e8056fb2ec4811ab33cb34a0dc9fb3'
 '8b57a9f43a1942a49b58cf881835f974' 'fe8ea8bf1395434393e04e8f7a33025f'
 '7d58b089bfc549e8951e91ad62541119' '1fa6d3118bd846c8837b5fa9fb78f262'
 '62c65bbae33c4ee9a21b61f6f454c4b4']",8ac79ce92be1254dfda9a10eb54ab703
1ef6439b7c457ba43993467ff734eedf,"['460295fed3ae4cd39f9f274cec9c2506' '553b285bba60460ab1ed8341ae61282b'
 'cec95bf17e7e4c939b56c9c6f402a29f' '599164aead034bc19446efacc77554d2'
 'bbf148ae4d48422f8fdef754cfa2b9e4' 'de61b2670999433f807a6a1dc2b81e43'
 '3e95dacfe57b4d57b5da4310ef2e157f' '1f1545308e9347af91fd03b94aadc21f'
 '6ea81acaf232485e94fff638e03336e1' 'd136b08d586d488f9e4188b524c85a29']",1ef6439b7c457ba43993467ff734eedf
7b45dafa74553d3899e2291a3c9fb86e,"['460295fed3ae4cd39f9f274cec9c2506' '5c4d8a8f9c104176b87d2bfdf04ae0bd'
 '8b57a9f43a1942a49b58cf881835f974' '8dbe8f9867e4448f998416c18923eac4'
 '30b7034c4468473f98ee18d00ee73b33' '00f78b85e5b84999a810e311e540037b']",7b45dafa74553d3899e2291a3c9fb86e
485c17007ccb3102887eaa47d6a6100f,"['599164aead034bc19446efacc77554d2' '0f564ebd53e940fba9d16674ac7bc038'
 '7deb75816e4f473480e0c79ae99b5bf4']",485c17007ccb3102887eaa47d6a6100f
2efb1fec56fe3b0543d395dd541295c3,"['1f1545308e9347af91fd03b94aadc21f' '6ea81acaf232485e94fff638e03336e1'
 'd136b08d586d488f9e4188b524c85a29' 'cccfa151fedc4b218a8d96adc7dceabe'
 'ce54725672a74ebcabe6127577dacb2b' 'ea2b28ca1a974ffab4517811dc1d1e5c'
 'aff21f1da1654e7babdcf3fb0e4a75fc' 'dc2cc9016e3f49dbac7232f05cce794d']",2efb1fec56fe3b0543d395dd541295c3
2049798d3000849f8bec3e88c0006807,"['aff21f1da1654e7babdcf3fb0e4a75fc' 'dc2cc9016e3f49dbac7232f05cce794d'
 '6ea0cef05f694dcea455478f40674e45' '7ab5d53a872f4dfc98f3d386879f3c75'
 'af1d0fec22114a3398b8016f5225f9ed']",2049798d3000849f8bec3e88c0006807
60df16c009594c15c4ead6125e1453ce,['af1d0fec22114a3398b8016f5225f9ed'],60df16c009594c15c4ead6125e1453ce
25e04f0e9a961dcdc3f6eae6df7807b2,"['b07a7f088364459098cd8511ff27a4c8' '8870cf2b5df64d2cab5820f67e29b9f1'
 'cd130938a2844050be991af70baf5ee0' '43544b99c3b04b059546198a0ae6366d'
 'a671bf7fea2f4514b6e96ba99127fafd' '525f41ea20274a05af4e52b625b473f3']",25e04f0e9a961dcdc3f6eae6df7807b2
81031e23c0b000ee60cd9b06950f96cd,"['43544b99c3b04b059546198a0ae6366d' 'a671bf7fea2f4514b6e96ba99127fafd'
 '071a416efbec4f0886c19ac68f6d43cb' '6d8473ef3b1042bf87178a611e3dbcc6'
 '30c9641543c24773938bd8ec57ea98ab' '18b839da898e4026b81727d759d95c6a'
 'eeef6ae5c464400c8755900b4f1ac37a' '422433aa45804c7ebb973b2fafce5da6'
 '86505bca739d4bccaaa1a8e0f3baffdc' '1af9faf341e14a5bbf4ddc9080e8dc0b'
 '353d91abc68648639d65a549e59b5cf3' '7ce637e4f35b42e3a9f8272cab69cd22'
 '4d999d7744b04a998475f8f8531589f0' '9a6f414210e14841a5b0e661aedc898d'
 'db541b7260974db8bac94e953009f60e' 'f2ff8044718648e18acef16dd9a65436']",81031e23c0b000ee60cd9b06950f96cd
d19a57bca2c14fc9c2bf5058958380fd,"['525f41ea20274a05af4e52b625b473f3' '422433aa45804c7ebb973b2fafce5da6'
 '1af9faf341e14a5bbf4ddc9080e8dc0b' '353d91abc68648639d65a549e59b5cf3'
 '7ce637e4f35b42e3a9f8272cab69cd22' '4d999d7744b04a998475f8f8531589f0'
 '9a6f414210e14841a5b0e661aedc898d' 'db541b7260974db8bac94e953009f60e'
 'f2ff8044718648e18acef16dd9a65436' '00d785e7d76b47ec81b508e768d40584'
 '87915637da3e474c9349bd0ae604bd95' '8f1eba29f39e411188200bf0d14628ec']",d19a57bca2c14fc9c2bf5058958380fd
493f38f41b89e767fc23d84e1fa5ba20,"['353d91abc68648639d65a549e59b5cf3' '7b2472c5dd9949c58828413387b94659'
 'ab3a5a6713244fd595a1ace978c3d960' 'e1f524d4b9754ce2b64a0a4c8f73b854'
 '8df8563ab0394ee9a91b89dea7d59404' '12398f70065143839d812fd42ac4b2e7'
 '74d43d20f251441baf8e3db64fedca43' '1b7a22f76f7741e8b140bdc3d8856d76'
 'b823ba1bfe944fa9887edd8faf8a5f17' 'd0bfb473fdc64643954cdb4675e2f389'
 'a4db1b2a9c3e4d2d838725f8166c36b4' '8dae140578c841ae9373cbc607c4a6e6'
 'b215cc33cf40434f87f284ff8f3506a4' 'c1ff9d8e1b8745d6860c34ce26122d79'
 '9d1e6ca9ae8e4e068fb74631a633b20b' '1d7b0deca7674777bf76c163ac065845'
 '03afe9988f864c9fa501bfbf043f74c0' '4084f614af494fa8ab73095fb5b6b07b'
 '3ce25564af6e47f390a0b16b6f9433a1' '78213664d0eb45d1a9239ba4b85b10f7'
 '1226e4a4077b4b3a970db4d2509b590c' 'b4c7de7a824a4a71b9f52193d2f1a10d'
 'b609f1939dae4c7383c7d199bb3c7dc3' 'aeee2f443dfb4e3ea80af6ae1d9197ce'
 '8c46d37bc26e4d4dbd37d6ee26867bc6' '58a8fa7f29e347bdb9689b70b065a779'
 'fae3fe31deb141ab93143ac411f1eaaa' 'a2cb46c226b94831853a5d28c5d94b0a'
 'd3511ecd27cd4166bdb39e757e275300' 'de3b561f5cce4c83bccb39180e362c97'
 '5bfefaa0fce04002851733337bed714c' 'b5fed5609f154df58c6a9f74e55fc0ba']",493f38f41b89e767fc23d84e1fa5ba20
6f92ce3fcd05dd5697ded83586f7bc08,"['353d91abc68648639d65a549e59b5cf3' '7b2472c5dd9949c58828413387b94659'
 'e1f524d4b9754ce2b64a0a4c8f73b854' 'd0bfb473fdc64643954cdb4675e2f389'
 '1226e4a4077b4b3a970db4d2509b590c' 'b4c7de7a824a4a71b9f52193d2f1a10d'
 'b609f1939dae4c7383c7d199bb3c7dc3' 'aeee2f443dfb4e3ea80af6ae1d9197ce'
 '8c46d37bc26e4d4dbd37d6ee26867bc6' '58a8fa7f29e347bdb9689b70b065a779'
 'fae3fe31deb141ab93143ac411f1eaaa' 'a2cb46c226b94831853a5d28c5d94b0a'
 'd3511ecd27cd4166bdb39e757e275300' 'de3b561f5cce4c83bccb39180e362c97'
 '5bfefaa0fce04002851733337bed714c' 'b5fed5609f154df58c6a9f74e55fc0ba'
 '91ae5251eaab4c08afe6cd4cbefcaa6b']",6f92ce3fcd05dd5697ded83586f7bc08
6335601c6ec22bd6f15c8b69c26f854b,"['7282c73622b8408e97289d959faff483' '3deb220d31f74103aa44870a36a63220'
 'af7a1584dd15492cb9a4940e285f57fc']",6335601c6ec22bd6f15c8b69c26f854b
c7669e6a1add9a2829b09196256b1492,"['cbf232211e7d4eb6abdbe182f71c2cf0' 'bb0cff774a4440b289cc6f3b929fe13c'
 '896d2a51e8de47de85ba8ced108c3d53' '14555b518e954637b83aa762dc03164e'
 'b1f6164116d44fe8b8f135d7f65b9e58' 'c8b2408617804483b620e1a6691ac90d']",c7669e6a1add9a2829b09196256b1492
85eff07c379a9dc24db0edb983acf3c9,"['bb0cff774a4440b289cc6f3b929fe13c' 'b1f6164116d44fe8b8f135d7f65b9e58'
 'c8b2408617804483b620e1a6691ac90d' 'a5e0d1644eb547ba9a5c3211aac4631a'
 '5a28b94bc63b44edb30c54748fd14f15' 'f97011b2a99d44648e18d517e1eae15c'
 '35489ca6a63b47d6a8913cf333818bc1' '5d3344f45e654d2c808481672f2f08dd']",85eff07c379a9dc24db0edb983acf3c9
ed433e2f5d5387b47376eb0e45ca1c99,"['59c726a8792d443e84ab052cb7942b4a' 'adffed660d154b519c1817e514e83096'
 '0111777c4e9e4260ab2e5ddea7cbcf58' '2fb7e14a3f124526bd7b24867fc18e81'
 '5c13c7d61e6c4bfe839f21e7ad3530a7' 'a621663edba64d99b7e50f1e53f32ee7']",ed433e2f5d5387b47376eb0e45ca1c99
3fc3718256cb7f614fcde622af2ed912,"['6fb57f83baec45c9b30490ee991f433f' '68762e6f0d1c41cd857c6b964a8e76c3'
 '70634e10a5e845aa8c6a32fe7e8eb2b2' '04085f7cf46544b79597fc49286ff84d'
 'd203efdbfb2f4b2a899abfb31cf72e82' '6731a665561840c2898ce8c9788e4c88'
 '4026806fa92f4e849a59a7f5c9a45c79' '68e0c60d2e8845d89d9d0ad397833648'
 '101572f552b54e529fe7765c05168981' '60c58026b2764b40adffca6eaa31d6d9'
 'ad1595a78935472999444c9330e7730e' '735d19aea0744b2295556841c5c4c3fd']",3fc3718256cb7f614fcde622af2ed912
e31d2d134cf501c93f9445914d7350f9,"['68e0c60d2e8845d89d9d0ad397833648' '36be44627ece444284f9e759b8cd25c6'
 'a64b4b17b07a44e4b1ac33580d811936' '423b72bbd56f4caa98f3328202c1c3c9'
 '5c7ef01f46a94641bf1ae5cd25f8a538' 'aefde1f7617f4c0e9aed31db77f6d862'
 'ad52ba79a84748a49067e53b1d5095f9']",e31d2d134cf501c93f9445914d7350f9
5e2933c9646c751e6a60c9de12a255f2,"['101572f552b54e529fe7765c05168981' 'ba481175ee1d4329bf07757a30abd3a1'
 '3c4062de44d64870a3cc5913d5769244' '24652fab20d84381b112b8491de2887e'
 'd4602d4a27b34358baa86814a3836d68']",5e2933c9646c751e6a60c9de12a255f2
d2399fd0aae5bd200639806ca87184f8,"['101572f552b54e529fe7765c05168981' 'b0dd60e11dad4ff782623acf039b3948'
 'db8c43fa4df947b09e5754d3b1393ead' '5dabc4cd05da425cb194a04482bf0c29'
 '9d08f285a7be4c79b8f359c51d51db37' 'adffed660d154b519c1817e514e83096'
 'b7e9c9ef572c445a9574ca571e41fb96' 'dcb9f281cd6248c699e0ebb285a42a5e']",d2399fd0aae5bd200639806ca87184f8
d39abd5380fb3fe0468ea1e122512091,"['60c58026b2764b40adffca6eaa31d6d9' '735d19aea0744b2295556841c5c4c3fd'
 'c725babdb14a485582f8fbdf95429030' 'a0047221896d418d849847d422fa4bb8'
 '98fc2ee593184c5a839454db4eec7013' '80020a1da63042459e00266b2a605452'
 '31a7e680c4d54101afe4c8d52d246913' '351abba16e5c448994c6daf48121b14d'
 '50ea7d3b69614bcdbfbff7ddbfbf3d34' '004f40a5aeca48a1879db728eb12bcba'
 '4465efb7f6ed4dedad72a658184addd2']",d39abd5380fb3fe0468ea1e122512091
5d04129d46662571f635a4e63cb4d6b7,"['004f40a5aeca48a1879db728eb12bcba' '4465efb7f6ed4dedad72a658184addd2'
 '478e4c72d8fb46dd8cc9f0691c9878fd' '82b0446e7c9d4fc793f7b97f890e9049'
 '8169efeea3ce473d9fd2f1c688126a1c']",5d04129d46662571f635a4e63cb4d6b7
aed2ea39de8a027cc818c7f4557f0514,"['004f40a5aeca48a1879db728eb12bcba' '4465efb7f6ed4dedad72a658184addd2'
 '9b3eef8f3a3a45e6873838db95295b8a' 'fdc954b454744820804d7798f3e0b5de'
 '49c1383836934ec495c3b35769100a73' '859dedcc3736439a8a563419f16cb3d8'
 '6078b9980a6c4dcd9198d151b833ead7' 'f93cd6b8213e46dda67af7e5382e1bd2']",aed2ea39de8a027cc818c7f4557f0514
5a5a94f85dfc4d119ebb87f3037fd1cc,"['4465efb7f6ed4dedad72a658184addd2' 'f93cd6b8213e46dda67af7e5382e1bd2'
 '496f17c2f74244c681db1b23c7a39c0c' 'da1684437ab04f23adac28ff70bd8429'
 '4517768fc4e24bd2a790be0e08a7856e' '545edff337344e518f68d1301d745455'
 '9376ce8940e647a99e5e087514b88fa4' 'b38a636e86984600bb4b57c2e2df9747'
 '4bc7440b8f4b4e4cae65a5c49defa923' '5d1b038ce8be4533b54dd79d6496de9b'
 'ac6e5a44e0c04a4fa93589376fde4c34' '40e4ef7dbc98473ba311bd837859a62a'
 '222f0ea8a5684123a7045986640ec844' '668cf1fdfd644d39acc6350b86117ea2']",5a5a94f85dfc4d119ebb87f3037fd1cc
38feec52b8bfbd3fd8e03635acdaec97,"['adffed660d154b519c1817e514e83096' '42be4e140061482ea509dd3e26189480'
 '4da4ef951ff340f1a3dd679de4be3341' '2f05fcce857e4a499ca4e89a3cefbcb3'
 'b3aeb7ae009a4f52ae3ae4586e32fe11' '089b9b9841714b8da043777e2cda3767'
 '38f1e44579d0437dac1203c34678d3c3' '1ca24718a96b47f3a8855550506c4b41']",38feec52b8bfbd3fd8e03635acdaec97
e50740c4332fdedb8739773592e2a402,"['dcb9f281cd6248c699e0ebb285a42a5e' '7923d8521c744bd9aab131c1aea91ffd'
 '5bd156c87ec44e19ae6f8f62e6e50b9d' 'c1a146d7fb16429ea6d0aa2a55ee597f'
 'ede9350632084da5b0b577ff799ab14b' 'ed559fb4ebde45518849ec803b350fa3'
 'f422035f8b78417f98e4d116971cf9f3' 'c79d686eba044c5586c706cdc096817d'
 '0f70db1e598d463fbbcdd1e288bd9490']",e50740c4332fdedb8739773592e2a402
e7caf4256ddea71533af1c4c50444146,"['dcb9f281cd6248c699e0ebb285a42a5e' '072cdee531b74513984f49d99a8d64a0'
 '5ae335d9210a45fda3f92a9a028d6d9b' '5ac60a941a5b4934bdc43d2f87de601c'
 'd405c3154d0e48ce96fad4c28fe20590']",e7caf4256ddea71533af1c4c50444146
a73d3e7b661743b7583d8a0fd412b6a7,"['3e1b063bbfa9423d84e50311296d2f3c' '9a8ce816ee954bdabd01ea2081538009'
 '09f18f81442d4d6d93a90f0fac683f9b' 'e02be3e37ca0454883a4c1fd859c24bb']",a73d3e7b661743b7583d8a0fd412b6a7
f3a07680cbe8ab1f6055369da05f4f38,"['859dedcc3736439a8a563419f16cb3d8' '7e0d14ca308b4796bdc675a64bd3a36e'
 '8323efc8e539419e9ca3c98e758f6609' 'a80c7c98c0b647f8b9f6f8cc09168e44'
 '2d66a15939294d21b83b3e277f0a4e46' '47f6d6573cf34e1096c95e36251dd60c'
 '2fbd74d5ccca4be99c5257b3ac95cfba' 'a2b1621a3e424ae29a6a73f00edbeca3']",f3a07680cbe8ab1f6055369da05f4f38
88847c4d3e6c5a64a5b44d9d99d06237,"['b5ecd0553dd742f5813c9b855d548a41' '89b2003e97804961805ea1886d078ebd'
 '6dd7f5f6b4544271a97f6a136f82fc3d' 'eb01db8435554f2cbafe39a50f62f20a'
 '3d175ad1f0014cd4871eff4e86db9f88' 'c8e706fbdc90420d952deed03c4f04b4']",88847c4d3e6c5a64a5b44d9d99d06237
3900d15a5f3ace358fc06038c34cdf79,"['9ed7e3d187b94ab0a90830b17d66615e' 'b4c7432f712849d7aba9dccbb77471ef'
 '2567445079794d1e84f17abc48776002' '392be891f8b649fabdc20e7bf549f669'
 '0111777c4e9e4260ab2e5ddea7cbcf58' '1c16b22e18d3483b8d41b284754274e2'
 '0080f96708cd4054a5f0986ca86889f4']",3900d15a5f3ace358fc06038c34cdf79
cbfd4a09b266218f64dc6e6d80f8a77e,"['df79a27b9a4f42fd839c90bb8a79ad91' '8f140fd7126f47b6b00307b0181509f9'
 '40450f2c91944a81944621b94f190b49' '5b9fa6a959294dc29c8420b2d7d3096f'
 'b84d71ed9c3b45819eb3205fd28e13a0' 'b0b464bc92a541e48547fe9738378dab'
 '44c65dda6fb7472dae36f6eea720ab47' '5d97ff82691c4482973d73d1860e4757'
 '2567445079794d1e84f17abc48776002' '392be891f8b649fabdc20e7bf549f669'
 '0111777c4e9e4260ab2e5ddea7cbcf58']",cbfd4a09b266218f64dc6e6d80f8a77e
2a5e1212b351d63d059ba1a1dec2811f,"['b0b464bc92a541e48547fe9738378dab' '2567445079794d1e84f17abc48776002'
 '392be891f8b649fabdc20e7bf549f669' '0111777c4e9e4260ab2e5ddea7cbcf58'
 '785f7f32471c439e89601ab81c828d1d' '6768339b54084020aec27adcef8994ff'
 'f09f381c319f4251847d1a4bb8cdcac1' 'eec11f567e7f4943b157c3a657eb9a46'
 'efef117839b64ce9adf614a461d41ba6']",2a5e1212b351d63d059ba1a1dec2811f
b83d819b03401fb8332316960610e5d6,"['2171091ada0942d8ae7944df11659f6e' 'bcfdc48e5f044e1d84c5d217c1992d4b'
 'b232fb0f2ac14790b931d1e7fcddd8ad']",b83d819b03401fb8332316960610e5d6
7383c69e93bb8c8648181f5355d2c9a7,"['1ca24718a96b47f3a8855550506c4b41' '83c76fbd2a004d90a5b0a6736ffed61d'
 'd9779c41e3c74fe0b26e23822a4b995b' '9d7a563b3b2d405092c31f1fe08cff77'
 'bd43f3d439a54781bd4b721a9a269b92' 'adc0f95733e74351a891c4dadf650a52'
 '225105a7be14447cb03186bd40756059' 'efce8a9d61254447a26aee99e53f0398'
 '4a75a9f0b18a48bea9c0601c0fc395c4' 'e19287afe00a431f9a593a4827d1b448'
 'f2c06f3a0c704296bf3353b91ee8af47' 'f512103ed4624accac6cbbf90d7d250a'
 '2325dafe50d1435cbee8ebcaa69688df']",7383c69e93bb8c8648181f5355d2c9a7
251e8d332b451d900df961cbe215bca0,"['289616058bf4495887292003b27ba216' '7ffa3a064bce468082739c5a164df5a3'
 'ce36d1d637cf4a4e93f5e37ffbc6bd76' 'eeb9c02c0efa4131b9e95d33c31019fc'
 '7b2472c5dd9949c58828413387b94659' 'bdddcb17ba6c408599dd395ce64f960a'
 'bc70fee2061541148833d19e86f225b3']",251e8d332b451d900df961cbe215bca0
ccd2de9e2219521fbca779843c65af58,"['289616058bf4495887292003b27ba216' 'd562223c17d948bf98e34b4d97dde932'
 'cde2d75c51d245879265b79d14b8699b' '44594467054849d4a1fadb46ddd51641']",ccd2de9e2219521fbca779843c65af58
a6bcb4514cb6de67e3d74ad0ea62452d,"['7b2472c5dd9949c58828413387b94659' 'b609f1939dae4c7383c7d199bb3c7dc3'
 '2489232bd2bb492babe00617e7290282' 'd2ed972353af4d1db74702638bfdbb58'
 '575befc8d64c47eb95af8b1096e02963' 'd6e6366617e04b0ba6732fd1d2d76429']",a6bcb4514cb6de67e3d74ad0ea62452d
919cb44d9688a14bf48fa7c98163ed81,"['0fc15cc3b44c4142a770feb4c037a6f7' 'b7fdfffc38b94bf7872eabe9b022c8fd'
 '6242e0c237a348908d0256ea790a0211' '7cc9f26737e1442595e53253e98015ef'
 '1868fec1493643208dbdcad7bc97dfa0']",919cb44d9688a14bf48fa7c98163ed81
9f2cd3d789fd49f220d4cda6b9e8048c,"['0fc15cc3b44c4142a770feb4c037a6f7' 'cfb915c95caf41c6a25e99a9f37f03a2'
 '8815ed80f9b741dbb458d902024f34a4' 'dddb831546354e088d29aebd154e3a31'
 '005d2154da754b21adcd90ac921bd5f7' '711ba818354546cea69f1532b92a2f26'
 '5c4d8a8f9c104176b87d2bfdf04ae0bd']",9f2cd3d789fd49f220d4cda6b9e8048c
85e50a4d70697a2c4420e7a9fc82f22d,"['ab3a5a6713244fd595a1ace978c3d960' '6deaefe707f84b3dbda979dea0d095ac'
 'd053ea9432a24fb192e8d6aa993b0caa' 'a3e683d294ed42a28d60d09a36cbeb54'
 '39887ca8567141d5b857b87a2bca4086' '8df8563ab0394ee9a91b89dea7d59404'
 '12398f70065143839d812fd42ac4b2e7']",85e50a4d70697a2c4420e7a9fc82f22d
76d9dcb9a27c2caea1f46bb5050851c6,"['7e0d14ca308b4796bdc675a64bd3a36e' '8323efc8e539419e9ca3c98e758f6609'
 '8fba1fea719d49d380ac2d9c310d68b3' '1ba06fe2e86140a59bbc4f4e969d0f71'
 '36caa0a230c8422c8acb4dc62e35bb32' '09940fed9d154504948bba2df1789a50']",76d9dcb9a27c2caea1f46bb5050851c6
a3e5bacdf64bcaf080a04c7dd8218484,"['47f6d6573cf34e1096c95e36251dd60c' '058f66cc356b43cc9433bd3c8d57fa46'
 'ff95eb0d5f7f49b782027d5c7ae3c3fe' '091e998370dd42d1b05ab0fcf6595a7e'
 '1e6cabc18fab4c048281fd29d3044438' 'dc08f6d7398b4b798a3bdccf508a2ad4'
 '1c7fd5af8d8041e186eae2431fc627cd' 'b16eda56dcec40f2b3e109fb9246bee3'
 '43c68f9a86654a32a2215e23957ed184']",a3e5bacdf64bcaf080a04c7dd8218484
10d01d36390b307a63fd5bc97d8682c0,"['e1f524d4b9754ce2b64a0a4c8f73b854' 'd053ea9432a24fb192e8d6aa993b0caa'
 '8dae140578c841ae9373cbc607c4a6e6' 'fae3fe31deb141ab93143ac411f1eaaa'
 '532bf54d5a924ff48aee254970efb914']",10d01d36390b307a63fd5bc97d8682c0
f239de6498e0f471bf418974c00f1e36,"['838c4498bc3c437f8d65428b580766a2' '4bc7dc91ede345dfb63d7d4f7ac3554f'
 '0b2b815c9f834aaaac0c341097def9ba' '424ae71c56024094a02e6fd9bfcfbb04'
 '400d10f2ee1d49be9a66efa34dada0e6' '91deb9f152264e958d106d481ff2e1ee'
 '586cf02da9494088aed9b3419725638f' '229d85a2783e4a2991f17d2ab5750af7'
 'b7f97d1909a3433abef8ca8e9334fafa']",f239de6498e0f471bf418974c00f1e36
647be47c939b4d72f1c0b29a2e0d2cb2,"['df40ad480a3c47299a6c8fad05349304' 'ecdc1020b10e49ca869d399825e16fa3'
 '0d8fde01d7234726a00d7e73e2e01d66' '9c4bd60958fd4e09a6d5b9e2ab163b5a'
 'edc717747e904728b57185f5013461f9' '532da08f04f645708e747c57e9c4ee05'
 '472b23bb92834173b4118d101040c726' '81869985b45a4fefbbbb23ea118a3de4'
 '42b8584c5a874eb08fbd61f0c18f3ca0' '824d93d9840a4b7c8b1f31bc6816b497'
 'f209a808f1f04a5699601e672f4abd06' 'ccb335166f6c4564ac1c61549d8ded50'
 'cbe1a41a82aa4f268e8264568b25938f' '28e7639f55ce464c8a080cbb2c745fa2'
 '3f3a2d7aa1294116814f0b4d89baa23d' '3073b33926bd4f33807ffa3befacefaf'
 '2b916117691c4872a9c4e4888d4fe4ab' '1f7b02bf486e4f42b23e9cb1a63207f3'
 'e744c118ae7f4638a01d060bbaedd6e9' 'e1c1080c717d437996def1a41772d179'
 '63fba9a7c47a4f14ac0bee6bc90d0fea']",647be47c939b4d72f1c0b29a2e0d2cb2
cde833db73c46ca28f08e35195134441,"['66c3dffb7d7a4fa8bb6b48a22ca917a6' '6f3dd1fd6d7f4df4af0656ed0525c92e'
 '33905debec1a45ecae1c65daac1d854c' 'bfbe904780fe47daad1a04126b12923c'
 '0614f00e932c4cd0b53928053811ebc1' '9ef487dd0b574b108c60a56d6a2f146c'
 '4067269e7f6943cdbc299ce02b7eadbd' '094a736ba43c4da48c556437f47f88d1'
 '563c2af32bb3476299e9b24a646097ab' 'd59b49eb94ce442d89907e90c5d3a44e'
 '8ea7cef407df48098046551e303e1c64' '186e60d2176547bf84e5bf87bd16bb40'
 'e65017091c8d4c7daa45b6c8414e0465' 'a0f326b9597b49dda6563e9208316117'
 'bff3db70f9af4f2c87a93df48ecbb6bc' 'bf91f36307cb43e1ab1e967cb3ba8274'
 'cd58a8740ba54d86a77db9bb9544ef0d' 'e96d3475d43b42a781b297ae7e650afe'
 '1ce76a5547854d458878bd445f0ccbd6' '11e4325f59394ff1bc89892f79288702'
 '71743537a07c440ea1710a269da8b538' '1389192ce5464be6b3b5749bc9536709'
 'b349041c0be64c62b964ab1234e055e6']",cde833db73c46ca28f08e35195134441
853bfe9a74a916130a20f81506bcaf09,"['67bb4f4678284819add02ba04f3b1103' '2033ec0487f04240abb3bdbe77b39087'
 'f026fab8fec948ae9e7baa2ad715e6ef' 'd0d7ed36d6f54b5d986dfd854096b728'
 'bf6a4c18f44042799eb7456a6b85b54a' 'fac4a59c2278498d83f9f1b4231ad62e']",853bfe9a74a916130a20f81506bcaf09
3c66b7e86b3675fce14fe0047ae731aa,"['9c4bd60958fd4e09a6d5b9e2ab163b5a' '3073b33926bd4f33807ffa3befacefaf'
 '2b916117691c4872a9c4e4888d4fe4ab' '1f7b02bf486e4f42b23e9cb1a63207f3'
 'e744c118ae7f4638a01d060bbaedd6e9' 'e1c1080c717d437996def1a41772d179'
 '63fba9a7c47a4f14ac0bee6bc90d0fea' '6bfc2395b4f54a528a1ebac94a43acb8'
 '1cce5cebf437428eb1a60dffbdfa603f' 'dc94039d6643460ca3c66150b9087129'
 'f197d75f159943f8a3ff441199790bc7' '4d8890c699684c9381105b03b0b41b03'
 'b1658adfa43847eabad1437db235e858' 'a1773cac7d4c4939aec965660e5015fe'
 '6a054cb59fb44cf494b93988b5f88833' 'e7b103a52e384e3e8bf14105223e7e82'
 '3f1042452c254cecaf7189e89162adc8' 'fd31d549420744d1bd1a6b1112a9a6ba'
 'f7ab348030714072a277682b51f7c588' '2139b0906dc541e094138a978d070416'
 'ff5466607e5d4453b1d833629292f664']",3c66b7e86b3675fce14fe0047ae731aa
b70cb2eda62c6afad9e8d22daafe61cc,"['cde2d75c51d245879265b79d14b8699b' '3076f330d121489aa50964ce54a3b1ac'
 'e4b707e3e6964197855b82fc66ef59e7' 'db1295504da645b69d9786d54f233fed'
 '6ff4ed0dda4f4158af37be99f505565f' '99761e9b89cc4060be3ed6b34532e7ff'
 '8130a1a82bde46048952cf147690e630' '79c99026b7ef4946b9b8e0be841fd4c5'
 'fdcb1673254842f1935f53d0c38c467e' 'dcb3f4cc8abc46faabc193d9885e91d0'
 '3295be59128d451bb720c6688adc1e0b' 'aca3eb8924ac494486fe0bfe892f7f2e'
 '66689accdd974295b7eb779e43578748']",b70cb2eda62c6afad9e8d22daafe61cc
f135654a3c057c66b9e5f97a960d302f,"['3831134696584d83bbf676a6b3bfa8f9' 'efb6350e65964659bc20396c0166b296'
 'e095cc36da784300b27c6f8c60a96440' 'c68893ca39d74ba08c6eb138f24441e1']",f135654a3c057c66b9e5f97a960d302f
3900b87693f02c43b4294e38647eb7cd,"['8fba1fea719d49d380ac2d9c310d68b3' '3cf0ab4cf14e47ddabd49d500a3dc488'
 '9f5adbeb6cf04f089abe78d86cfa6aba' '42b8584c5a874eb08fbd61f0c18f3ca0'
 '4d6608557eed49368a6d09c7c5c664c5' 'eb7c93eeb9dc41aab57d29e97ebb4951'
 '3b6e2ac584b64847b53828c9d779fed3' 'e9b68002e035447baae848208cea5503']",3900b87693f02c43b4294e38647eb7cd
6839baed839d7a5e837af1da93e462e5,"['8fba1fea719d49d380ac2d9c310d68b3' 'fe18353546824ca98294ce4be7b96e02'
 '0e9740e25f5a460c81318336e00ac880' 'b7cd9a62710849778fdadced0d754687'
 '432a6b4962544200949421a96a405142']",6839baed839d7a5e837af1da93e462e5
1b24101de07b1c195448240237b84b37,"['6a054cb59fb44cf494b93988b5f88833' '5d29053f2ce74442aa1855b327ef3bb7'
 '7e40cd12839a4577a95e33d785147a31' '8fe58de8a04f4f8f807c77fb41829a3a'
 'a9f50861273c4bb697d868a9d049d392' 'be4820f29fd942b282049fa49697b4ed']",1b24101de07b1c195448240237b84b37
e01c546120a27319dcbdf7a6b89bab26,"['0a799eab61bc4e6b884db6689f9c2c4a' '8c34cd494a63438dac219c1dc0f73100'
 '66689accdd974295b7eb779e43578748' '6b49c78aa1524609ab7aa74aeaa3e01d'
 '7ff31ce54f424f0bbb297b0b3ba7c757' 'bac51e00d486420c8e91e824d8e17411'
 '4adee3aad6524a4aa4c4711c1ee05e64']",e01c546120a27319dcbdf7a6b89bab26
763b51b68ecc9b69bc8014cf6f59fd33,['d034e4fd8ac849278e658daad1a1f033'],763b51b68ecc9b69bc8014cf6f59fd33
765d8a78606fe81a03a0da4f7ff231fa,"['432a6b4962544200949421a96a405142' 'd6700b360ac141d282cdb567414bf4ce'
 'c1b40a4039b44061a358e098867f7412' '4643a7a319674adfb732b6f6122c7c64']",765d8a78606fe81a03a0da4f7ff231fa
79d4b8574baf3734b60b969b66326b2e,"['cd58a8740ba54d86a77db9bb9544ef0d' 'e96d3475d43b42a781b297ae7e650afe'
 '1ce76a5547854d458878bd445f0ccbd6' '11e4325f59394ff1bc89892f79288702'
 '71743537a07c440ea1710a269da8b538' '1389192ce5464be6b3b5749bc9536709'
 'b349041c0be64c62b964ab1234e055e6' '969e1ea0b1e443a68e9a65dfef91d161'
 '8e09e7cfea7d405db8b22ae2f836ccb1' '490583524d394bf79289c5fe34f7dcf1'
 'd7db38bb599c42cab7066f3fdd282282' 'efd87a59d01e47c8adc02f63ef2c5c3e'
 '80e3ce3de41e4601823a333e22b7bb3f' '50eabc166e8944a49197e79c32f27597'
 '5197a3fb02ef4677abd1900aa87e4efa' '887f444240bb474da23cdfb6abf7a998'
 '5d29053f2ce74442aa1855b327ef3bb7' '7e40cd12839a4577a95e33d785147a31'
 '8fe58de8a04f4f8f807c77fb41829a3a' 'a9f50861273c4bb697d868a9d049d392'
 'be4820f29fd942b282049fa49697b4ed']",79d4b8574baf3734b60b969b66326b2e
81f57cf867ea246ad9a6e794ed613375,"['6deaefe707f84b3dbda979dea0d095ac' 'd053ea9432a24fb192e8d6aa993b0caa'
 'a3e683d294ed42a28d60d09a36cbeb54' '39887ca8567141d5b857b87a2bca4086'
 '8dae140578c841ae9373cbc607c4a6e6' 'bbdd53a15e99452a9deff05d1de2d965']",81f57cf867ea246ad9a6e794ed613375
827fd80da359cf05b091c24e465dd05d,"['b823ba1bfe944fa9887edd8faf8a5f17' '03afe9988f864c9fa501bfbf043f74c0'
 '4084f614af494fa8ab73095fb5b6b07b' 'd3511ecd27cd4166bdb39e757e275300'
 'fd9b298e6aea4685bbb2064b05fcda79' 'eeecb159cc8a4c8989f8da0f3df09f2a'
 '70f22b1d7336492dbade94b8edefe457' '66e098dc431146e19fc4bc2ea37efbd9'
 '932e213c57134098a07073febd51dcc2' '9593428ad36746ae8af6d8ce639834ef'
 '1bcaeb58479d42a6963a073c09f3f397' '1ef0c1c59ce946668ccf1a6a4f5ab7cc']",827fd80da359cf05b091c24e465dd05d
56506e2d064c0732efa3cf418057edfd,"['c1ff9d8e1b8745d6860c34ce26122d79' '9d1e6ca9ae8e4e068fb74631a633b20b'
 '1bcaeb58479d42a6963a073c09f3f397' '1ef0c1c59ce946668ccf1a6a4f5ab7cc'
 'd734746e3d6146f780af91827e578dfd' '21ed913271614cbeb1b754cdbbef13af'
 '1505dfebbfb04652b0ba57de1a251d67' '907ec65076e5494a8631efffb81b3178']",56506e2d064c0732efa3cf418057edfd
2011f03f21e526cf9277c27bf3e68242,['2dc7f6b230db452190a09643ca3d5ec0' 'c20ecfc93b3a4875ade5c92cfe4b94a1'],2011f03f21e526cf9277c27bf3e68242
