id,relationship_ids
4cf772ca8a1ffad729902e9b630e1ec0,"['a87aa935dccf49cd98b40fb5afe7ad5c' '4fe3ff52700c491f8cc650aadb4d7cb0'
 'f1f6f6435a444e388d67e16e847afca6' '0af2ca1c090843ea92679fd14c1fbc9a'
 '1b06d3e53ffd4771952fbef04d1e666c']"
84d24b5db902baca7217b5e3bb6ec462,"['36870a3393f6413e9bf647168eb6977a' 'f0a28fe3f68546dba7850815f7933275'
 '45b59feba7134bc18632cb42530c189a' '7747cd2048f94d378e83265b9561d921']"
f8cf53ce98a8bc52581f7907ad98ef70,"['b8e966b34cba4b11b9995106767212ba' 'f6de923de6474d2cab6a9c2f0d81fa59'
 '6915637e8d124fdc8473111d501e3703' '2233f31929194eac89333ce8731a5584']"
7c1bad237a1ef86cb41b6c5dbad4ffc3,"['61f1dc4267314470ac820b6a46c61f7b' '5174cdabb6024de0975762d3a80b059f'
 '97738fe0830d405ba53598b5cb1e5e38' '1ee2380c1eda4ebb8c9304820750ac88'
 'c1e4a9dbe55c4fb89f0d927c9fb067a4' '89dd5a0943c64247adae624abbc95afb']"
563caa38fe33c495449888d62950b959,"['f0c578614b224345974c3e4c110878af' '7ffb88ebc729492c897ccfb569d7f6d0'
 '60dce7d8bc1b4729a038178a400b9a59' '4cbb4e238c5b4656803fb9b4b6c3512e'
 '652873bcd6d5432187e5deafc4fc5211' '78f9b30c08134ac5abb4f4e0bff0f7f2'
 'f33e4e897b1e422bb516e8a2c941d9dc' 'fac4e1553a9840e990bbfff46e64ff27'
 '029a55d327ee4fb3a8314b36d52bdf34' '5a636c894c384532bff66212cf9d5824'
 'a9c468ef78704e9aabfc0317a5b1b42d']"
0dc1f5e4f8fb5903f12acf8e141fb205,"['5df80c25d33a4d148a14aa614343cc6b' '6a87f06ed55a46f29b24f77e548a3f1d'
 '0daf88ac4ec94cbb868e27e956c6d7f1' '9ed120043e6247be9965e4904920991b'
 '94d81d7de9254ae4b3b16fcc69aa22ea' '60c9212246f84ae5b6ab254127a39262'
 '0f8d0c36a4274526a9eddedae5e63881']"
2b777e3d591ce1511a03abd1a6d8dc73,"['6aedd377efbe4f07ae42e546996e7bfa' '1aa8484562784f378851c33843c89687'
 '62e8f5f04cd04384b246291cef3a9e4d' '2fea9c1856e54a91b79a9ce85755fbf5']"
e6fa3bdaf65c92df6b3430f02804321a,"['f1a65d05dd5d456b889217020475ef80' 'c077d92b48b6477db91e1a0460600f52'
 '5ca888df9b884e54accdd2ff29d125c1' '8290a6212d6c4430ae0056c7e8eccd5f'
 '14f8ac195fdb4e06a0b9ebc6ef391180' '667ee58a79194316ae2b82eadd3fc575'
 'b0e3ee2324054c88adacdf80db13278f' '28b7457ca5dc4a38a488946a3f8e207e']"
32603b739bed06b4695b0cc3915b2c4b,"['667ee58a79194316ae2b82eadd3fc575' 'b0e3ee2324054c88adacdf80db13278f'
 '28b7457ca5dc4a38a488946a3f8e207e' '8029a14d15404e6db95ddf5e2bf9fc15'
 '389314ca89d445888c8d4985864dd733']"
d441b136505c273cf3577b6867e872e4,"['389314ca89d445888c8d4985864dd733' '87fe1462b9064d5692641ab48e826301'
 'a55175ac57014df696ca09d0def9604b']"
369b39fdfd649d6df32a5d7b4cc559b7,"['a55175ac57014df696ca09d0def9604b' '1766e8858d7b45ed97f71cb5a39e96ea'
 '6191e014f3f64e46a0777063ed4ac19a' '21b0499cf14342269c46170c291d0535'
 'c1ef05b38b3f4d59888150fc0dd26826' '74cb9b3510e84498b9aee0d904316e8b'
 '043d764b2e1b4d1294651ff938df5391']"
3e143a60e2aeb57eb418a68d1484bbb3,"['c1ef05b38b3f4d59888150fc0dd26826' '32dc0b572ad84c75a64a2007788eb981'
 'e1ed13e29ee946d4aaafac50aaa3b68f']"
849698743b07680402ff8572b1c6c469,"['74cb9b3510e84498b9aee0d904316e8b' '043d764b2e1b4d1294651ff938df5391'
 'c7e8b188b45841a0a1bcb22f3445ea6e']"
812b3414c467da0b62f7932d2adcbad4,"['31f2170fef004f3281c533a4a60dc3f3' '57f186c5c2754483ba66750e98222f95'
 '68f998c9c8c34bb7a994de5a998bb9a0' '81a4818e5cf84ea085abf09de385c86e'
 '13cd49512d5642989c2c72bb5e674807']"
e015335cdcae20e6546fe7cbdef56c1a,"['4b3fc569d91f4a7aa6501ad4fcf67b7a' '956113fb770840c38bce65bb5832f988'
 '785bb55e79954b0c84a4a53cd7f0b454' '1239281fd3774b91a99358c9c1e6ee1c'
 '32b29a842b224f4c99fa1d5c764efc9a' 'f5ae7dc11fd64822a3a15e7d3839031a'
 'e1e254e67719488894eaa3553112a8cf']"
9b364093aeecfc789c70fc5bd9503487,['cbc1667556f84a5eadf867a823e6986c' 'a876d1ab79864396bc47a039225fd5c7']
12294feb07a1d202b27241eaaf64718b,"['c09f67d4f25448c99f7c0552c30b7706' 'c0866306dc8c4da2a8a81c0c3a78b657'
 '3884c37eb13a4c9097ee2c5be4eeefaf' 'f5ad4fe84df544c69db25f0e30c6eace'
 '237a46cc973b41dc9af4190c71c5c9e1' 'aaa27aa0b1024e3aa3c87a6ec821a348'
 '26a03482961e41918ea049018080af7a' 'ae260498423e4d55aa413423cd0eb20b'
 '6e3c8aa3abab475bb0148faa9112f0bf']"
8c70a7321fb0e945054d226a8c69abee,"['90764eb2cab74cffb1c7d72d28b965cc' '01abe16e67c241a887aa62abe22d155c'
 '37049be0a2c240c6a06acf9339237b8b' 'e785c52881704d95bf4ec03d2720f8ae'
 '654689c65613476b9905d7afb3809cd2' '15dfb45a6ffa4d34ad72cfe4b3c5cc0d'
 '427c3b7458f148d8bace1b768e2b5b7c' '95d506750fd94e72bbd9cf2d3fe18e28'
 'bf0138ccbcc740089a55fd0c24897360']"
ae6e91a8cc5773dbd4789773c9ef5a30,"['83cd5df42643494396b00d6cb6376def' '909d28e443fd4e0bac189373125c8309'
 '57e16ff087a84b8ebd70de1e7e534225' 'eb961d47a30c4870a1134b4a4672a8b2']"
6dace8e490674ac8e031aed987a63789,"['efbc2439e5034801af83ac1a0b440535' 'c20e6b1418a140389c31c7b71a6eba0c'
 '2ec5cae98c7a485881f0680fbca6d67f' 'c87b815d61af448596d3194a804b57b3'
 '2f92fc82c3b74417896bad3bd8e61f5e' 'fb61c68efe5b4d69a9623e531e7c639c']"
53455f8552b0787cb13c5a03eb550842,"['b9a2ef791a064f038cac2059ebea1138' '0057fb2ddc0e4088ae5099b7ffa137da'
 'd67d67cc3698438db76eb4a7f75e1ea0']"
40f2d6a0270e54743e7ace239369da96,"['1ce2b24bc93442148dc2240d3c6223b1' '804c1e94e7974332a817931363ddb643'
 '2091070e709e45f5ae56d40a9da45520' '0e504b58cbda4d9188050bc43004c01f'
 'c06bd37e120e4af49ec8bd6ce399473b' 'b3bf669489ae4913bb60ddfe50e41697'
 '0eba9d55a3ff46298665a0c292e2237f' '55e3f4a200eb4619ae2b6efb645464d1'
 'c44324c171674d00a743413042e9b944' '4bdaba79a3274241ab98e27aeaf98f57'
 '7c8c464ed7044a7896adfeb35f58a04d']"
1a4bca0786d529c91073997b63412adc,"['f5c11a5ac94e40068bca8be178a6bcd6' '2b1ec99684574c2ab26bb050d5b57a4d'
 'e5c5c87a281b43868c344ff60f44c100' 'a562ffbe986247b7943990e7151f4d69'
 '7ea0bc1467e84184842de2d5e5bdd78e' '13a044c404394c34af1e9b07c48aa985'
 '69ef1ac7b1f44372979149e82ecbc860' '6e26ce67bacc4fa089296843463f69ad'
 'ae0d3104647f4e6ab3ec2cf8e60be5ca' '49e24b5f2c1d40d7857afe327db4f554']"
d27237468a1b9e89110eeeca8080f63c,"['ea28ff7f127e4677a913952595dce2f5' '192a6d23595045f38b0d46a3d8e52fd6'
 'f805fd9fe42947a38b92a3db6e8cc986' 'e8b956218d5c4e5d9d390abcf527a514'
 '9a8a2e5e3f2645619a0403532d935afe' 'e368f8e9c9864acc880fdb5113631f3f']"
abac77a5673e907cf8d65161c2612784,"['ef67c9fc60284b50aa15ac655b06a155' '0964dcfbff934c92af8961155673ac7f'
 '51b82bcdffe04056bad1c082c3830047' 'c62bb148852b49a98e2779ca23a0919d'
 '72b5a0c357c24b739084d501b9354bc1' 'c827b62ebf134e55a3ccf0b63f976870'
 'b51ef388758845e880e736309ae791e3' '0a841cd4b6664423b033f22e3a80f33c'
 'bbf83708095f47019eaee93d6879bc77' 'd1e5359d2e344260bf1b83823df839b7'
 '05063c19ddb847a89ae1746588464288' '019b34e800414f7b87f38a14adf2eb67'
 '9a5e0a4ae34f46b39a5a028cbc135264' '5a224002ecbc4725abeb5a424aaca6a6'
 '8826a17bbda34012b3ea84d58ae531eb' 'bab69d76defb402da2a2a358739f1497'
 'ea465e5cd92247829f52ff0c8591d1bb' '2dbac25b512c4f21965169a95a910a94']"
9cbd4e21339eeed5e22a638e52a094cb,"['cc8201cce1024b5192056fe8e98fda22' '97e097f9022540b88ab7c13d2805c25f'
 '829a6299a5fa4e7b8ff4020020a0be05' 'f24dcb3cd6d644f8af2b6c47983e280b'
 'b1cad695afbc4ec3bbcd46ea34bd26ca' '72f7974758d74e5d89ddb64ad739abb8'
 '9525aa223d774e62ad856c2201cfab1b' '1087596b06d1400a8f863d0ac1af64a4'
 '39058965295643c8a7738350cc18ceac' 'f0c21c67baac47f097f74f5055b89877'
 '323a4c7407ac401db79a6023c3a5a17d' '686bc2bd59644e398dde88ffd37bf49b'
 '6de4c00e48b3480883e696e24df9fda4' '4b3d236101de4904ab348e3e3b11b4be'
 '5be2ce9957ba404f939b6c8175015619' 'fe77344850214c1cac923094de81098c']"
d44248ff7b7bfd969a7208eb3d6e2a78,"['dde2742459c24fb4a91172aa5c1a7620' '323979a67d79498fa271acdf8cd1a0c2'
 'cd6ae38a5a6742899d14f4a064f42c19' '6129d90c83194bcfaede9ff00a011297']"
f76c18c7582167c3626f8741c2c9374f,"['5a4ad077106a4a3f951f43d2e01499b0' '7893ee15f0e941cbacad8cc1feaacbaf'
 'f53397f743ca4d7397c0a694fe787da0' '0041db9da3694ad397f37c76f8477770']"
b149708d0b4ac3ff417565739ea6b03b,"['a7ec8df038d7461689d28f1bdea84d9b' 'ce0366abadef410d9b65e2bfbbf0b0f9'
 'f4370806deb84d0eb7e85e742e7d4bbf' 'c92392d168c2443e8ed7b04992d0c92b'
 '7f3d5282303f4fc3a009e04f7de0ad84' '1219a14eaf5f49ab84c9287ebf58db7a']"
a660289d2bf43f25d3524d35cd2d9a96,"['8ddefa32e2ed4eaf8f76d17a676f74f3' 'ad96e5294247465a9c7d5ea8161dc305'
 'dc61e34c1ca8419e923aeeff7d83d949']"
93d4d4effbf989e6ef1c4c3b4f42494e,['95ec30ce8dbe4ca28714e3e3735da8f3' '259e7f5e2ec04418937513413b6d51d1']
d08fc91bbfe9749abab38a99a1a88dc6,"['2289f06dd3804a3c84371dda0bab091e' '34ff8ef897804691842071f9ff78708e'
 '5d75097d065e4b049a1678deab40949b' 'c277134d380a42cd886a14a953554792'
 'cdac6338c3234797a0d3a32cd68d1b2e' '7af06d2b32a941a4b044579a7c423371'
 '0cb2118ecc87439a91409deef7ef9830' '20c3844c80a140ac97b62dc444feee41']"
71f14506a6b15dfabd93fd1606a67b73,"['a7401447d994439993da7cc57f127649' '754b0f2616064b18abb90f409ef0539a'
 'b5800c807edd4087a2420007272d15d0' 'a18dd9ea4143411cb32e261db056cf0c'
 'a38eace89e7e40de8f007fde24597e9e']"
7da3d8d244b67f09425a4a7783e4bb55,"['754b0f2616064b18abb90f409ef0539a' 'a9b900821b8444d69f432da08a77539f'
 '1fee51d6f4614127a3e1cc80d018506e' '00dc2c0748214e52bc799ca3e25204e9'
 '42d1a9e749ad40daa34c7b0b695f8751' '20de9a1af6ab4e88acf003cb7be0217c'
 'f3229f10a5a54cb1b91a26ffa6ee77a3' '5154b4a4f3ac43729703c69fccb54633'
 '8e0b5b4011d74bbb8dc09fa05d88369c' '5d8184f5d52040d8bb67d1a6b889e9fe']"
7040ba36a7c09899a355d14a30d65375,"['acd35bb6b3cb4979a3f3fb68a86b3b05' '9e1e7f67ba044c7fbf64723af1ade58e'
 '09045ef5c4314dde9a631a206274563f' '1b9baa98ede84164883e8cdcbc7000c1'
 'e4f3fcc475a74756925b730caffcb70d' 'c23761290af24cf29adc1ee8644bdad0'
 'de51b828ce1f442bbb19a7b20bce9dda' '4a3ff6a3471945fd8c7fd5c171c56d56'
 '31bb84eb2a834dabacc0ed51af4fcefd' '5070012e83e7442381bcba1cdacdb7d8'
 'ebdd79169d7d41b99faf09b039a66204' 'e036534e17b24dd2895167a20873230f'
 'a00bc5e4be634b08b1f084b6a07abafd' 'ce8241c964724429bb361b7b53867007'
 '61cd7f168f7f44d6a23415e9497f1e65' '3be77a7b57e34c55acc1f1dfbc64ee10'
 '751c564f8ff6444d9d4c8de4a677e655' '96963c158fb64680bded290f442ff9aa'
 'bdbfbde5dd244447a2a0674b30ae3e8f' 'f970bfe31db74929abff6ea38e5d18e6'
 '6f0c2a8b79e6406a8ab7a20864ae2ce2' '7b09e60e33f44ffdab9c656c5b9c1d50'
 '8b7beab7c0a143aea7bffc31df7528d5']"
1415949832ba3fee570ea961998a8ac4,"['bbf4007dc9c0486b8ea76d616045467a' 'ee8414e314f547eeb369849cdb51bac2'
 '9f77aa8888bd4f94abba8a77c4b0565c' 'dcf33412678340319e7ec8f7be267ef9'
 '4aa1e0fa00c048939a5d006bfd305fb4' '03053ab4a9054384a5f5e88d28841621'
 '9fd0f20997d541bca46c4ec9843a5d0f' '27168beee1ff456696c330c9c3b3259f'
 'e1c20e06aeac436788a9c6e918bcb844' '17dbfbecfaf0436bb11ed8f867c0caa1']"
364624242a84e1859e758069d914d8c8,"['bbf4007dc9c0486b8ea76d616045467a' '9535f4d754044e128cd3951a9d2e3702'
 '93b4aa6ce6e44123a861d4c3b3d509a2' '344417f626ef4da4be4539ef4037bf3f'
 '8b1fff87c350475fb1d411a26c3c5b0c' '898a9458adfb4c13a1eafacf6a1068f6'
 '5448f05781de44ea96e3dea40b285842' '76b1e69904b84d09ba05c4b7efc48f32']"
bdb8f9e797229f596744d9636ab857b0,"['5b019e8652264136b95306bac70a2e25' '325fc9e2b37043b7af9f6ad338b09469'
 '056f23eb710f471393ae5dc417d83fd9' '8e2e6eeed5a04c9f80efbcfc624ced95'
 'ea6d546f1caa4b4aaacdad8b8af195ec' '267ce44e6dae43ee94d0d375ec08ef17']"
4f37c0e9c3c9bac4e5c1c6821eea442e,"['6bb11aa08b414232b5b45f10f5766f62' '179737fd23c943babdfae01ac5c6bfc3'
 '65a31e4da283411fb7c971f63d606723' '5d6dc034d2014e8c930fde69c31b99cf'
 '127cbb53940f4efa8e1807b4452375ba' 'f1ea6ef9539043ab887bcce22ccf9625']"
6a7157695d90d434b2625c3f05420916,"['de31810d43174a52aa2f31b72f4542f5' 'a6ae1d99330443fcacb06ace15a0d937'
 'b37e5d15f3154ee39df016b8eac8de66' 'b50c4f053f0546029c4095b7b93aa05e'
 '0cea7f7a7fab49339cdd6fb02d0d183e']"
d0f7c236538005bc3056b7daed2401d8,"['e379fba901174b529250169e62d98c09' 'c10ffc51dcb54708a1dc757693010bfe'
 'e67ce34d48364422973ccf3a6b57af83' '98773a34c9bb474d8a789ea08f57250e']"
32e96c66a531ecd0a8edc7414aec0803,"['81ee8bb20bbb4d37bc0db642f1c75b8e' '1cfd220ff4d2493ca4b92d725d171d32'
 '4aeecb9d885743ca9373337a43957dd8' '1121b50f7858427fa679d81861238825'
 '948a00e8ee1246cc90c47b292d03ddff']"
3a0742c280217fe600b9af2d06b58eea,"['3f5590a604894d268603b4b27c3348b5' 'aafc13d02ade40adae13d3bee241817a'
 'b69851bf63e34ced83827b0021628543' 'b83a4e11bfa64559954327714b73293f'
 'de23b974cc90497eb4363e26d931a57c' 'a9de65176e234a9f9073b8df9d675e90'
 '09a1bd11eb9347a9b466edad1a562cc5']"
25797740f434cc2bf16365fc498791f6,['11d74eab1dcb4fcba7c45def5f0ee22d' '4f6a6fd018a948f4bd0e630266b8bf61']
e0cc1cf05b92456e09100790815186fe,"['1ccce5d1892a4b6995bbaec22882d34d' '595a841aa6034c93bd3dc55681e17710'
 '0d0fc5d4ecb548079b28979186f19bf6' 'e7d3fe0f87ff47f5a4c8d9572d27245a'
 '6f7165b558ae427ca14b2b16d1e8e204' '2ec093d2a76d45f88ec508e45ba8c6a3'
 '16d5a528d6374612b87a5656e8d95193']"
805a07a8f9c2ed5da2d9a61356aafa77,"['51cd93f89fbe4bcf883cdb2ca6774cd6' '5f353b18fadb438f95ba0ea8feae137c'
 '947d70dd14b34cf398a1ab6dbdc51161' '90f5597a558a4652bded9001a4ec2e56']"
8e69f04648f5fc24c299591365f1aa68,"['9532cf83e9324ea0a46e5ac89bac407d' '757a0f78fcdd4bf6b8326a75fcee9e15'
 'b5235cb24b8f440389f250ebd5b6e2f8' 'bdee1849252749efa2e671ed87641f61'
 '057641c1476247958d8c357e17095d8e' 'b61dfd0b24664f37af4046bdf0cb7b19']"
a739018eb63cbb6c26b779bd37afc233,"['8919fa72a9e74d1daff801e8f4c15b2b' 'bef38889bb86413895d7dd25b4c3137c'
 '0bc00f14e6194df7b0fe9ef9ba28d34f' 'b823c5d22037423da919eee6c35c4c8b'
 'cd7f555e4ab948ba94bade14e262ff84']"
5b2968b8f1c891d47ecbe641c3391663,"['f770bc07cecf4aba8fe2d2c33fdc5542' 'b3d3e8ba2ede4574a0498f082f0c15ae'
 '8686013390614eca9116ccbab27431d7' '6ee77949c94d4906bd98c24341fdfa03'
 'd06f506604b249feb423915db282ed75']"
21cdf11c58927ae505d3d375d1b75c82,"['e1ae27016d63447a8dfa021370cba0fa' 'f8c10f61a8f344cea7bdafa2d8af14b8'
 'aa7d003f25624e19bc88d3951d4dc943']"
3e292d936b7efa377ba9530456cfd888,"['1c97184ce5ea4049be417a3fd125357b' 'ecacbf62b81d485396a56e1730e75a04'
 'ba0ad1bcf02b4928a1b7ff7b23acdd6f']"
e442fbb7a67e97ebc4de131b25c639e1,"['587f39a32e93412395d9c22ad0ac2f94' '8d9ded5fc9cf4c4faba8c6c8cd50e2f4'
 'd0e58b78e8e84a0c8796e707b1f95f65' '215fcc6a3b5e452da123aa7f9ef0cbc9']"
9243633f55cccd0885ba553e14fa5e3f,"['40293e74dbc643e8ab6546dff759ac7c' '1834b753dc7f4a8b98c2317a551b56ee'
 'd3aa564fb4eb430a8ca6813ca76bfff6' 'd9b948357d96419ca135065ce1c360ef'
 'b95728a0b96b405cbccafa6c12fd8722']"
ce9cc3ed2e5f890d02e867ed0b0f8ff9,"['40293e74dbc643e8ab6546dff759ac7c' 'fe18688bd4ef44d1a184ec6d1451a5cf'
 '0f1282bdfedb4f6e8765007a90dd2959' '540af5c5d4cd41ceb29c40c5fb02e2fe']"
5aaa26fbe97dc7573cd1a56d6fb11213,"['d9b127eab2f64e338d7adcd186786a45' 'a18f7c9f58ca49d6acf18e1ca69d3033'
 'c4e9532dbc734264a0e3e827bc8014c6' '003e5d505a01434596c6d65ff20b0bdf'
 'f79358f3535045d9aad3b828df59293b']"
3da10b454f926a257b9fdf5d2487c0a5,"['f3c3dd44cf50495c81e362174991242e' 'cf56bfc9fa7d47fe9cb553dd09f2b412'
 'a077dbcd38b644f6929cf05272c2fb9d' 'd2659a32b9de406eb750a35d078c9774'
 '757e402cb7ee4601ac1bc8c4fafb5207' '1c9f67904a4c4fcc8cdac6a605900248']"
8ac79ce92be1254dfda9a10eb54ab703,"['f3c3dd44cf50495c81e362174991242e' '86c2b3749a3c4342bbb3a8c70c3a76a0'
 'e00c403d1dc84ba6a37ee193596e320f' '3f2e726c3b624fe7bf11de9be2c0457e'
 'f71dc0c394f04771af7e2ed37f85647e']"
1ef6439b7c457ba43993467ff734eedf,"['571f65acb3134490932feeb91b01cca3' 'd3faf86c153f440eaa410305b3dc6617'
 '0b26876307ad4cc48839b61a21a1d03a' 'c68e6c694a554256846d12178ddb12dc'
 'c04abbd5e59b4c64b023908f6db05498']"
7b45dafa74553d3899e2291a3c9fb86e,"['f85786004b0540349192d2ca05b15264' '7d375c18c1e2415faecd9f7397068a32'
 'dfa0e847a6704c93a0fe014b01858ff7' '9e91823feb174cd1b6a3bf8d0a5cb86b'
 'ad76c8dc8dd94412a5e79005cf8e0f2f']"
485c17007ccb3102887eaa47d6a6100f,['ff25ce2e8ace4bdcb765c863b483852b']
2efb1fec56fe3b0543d395dd541295c3,['6bb9bed2e39c4e31a81f12479af3d16c' '26c926c6016d4639b05427f01ba629f5']
2049798d3000849f8bec3e88c0006807,['8f6872eeb81b432b91405d327636113c' 'ac80a99fda2b488285d29596dd4d1471']
25e04f0e9a961dcdc3f6eae6df7807b2,"['67d6a3481e4b419292247cef5cd5b737' '904cd052ec194654bb72f4027e43daa3'
 '7e88fd2e835147fbb71866612735e8d4']"
81031e23c0b000ee60cd9b06950f96cd,"['029d1a8c3b184aa5bb21228f40cd12fd' 'a1ebc53a0bc74a0eb6dbdd18cf3c88cd'
 'f64e87431d674f298c533f6878458b95' 'e6d44d0db58f42799a02eacbd6b14543'
 '64961fbc3a1641378be10bcb3b0955e1' '59bcc2ec512c4c1ba44272446b419230'
 '8f39ae56f8b54b1b94faf04dbd0b9d11' 'f3018b934ac241639a33c925c24bc507'
 'ddedfd5179e64700adced4803c75cdba' 'f745075dedcf444daa9370cf32403d31'
 '1ef48284d238405f94190125092a3e28' '8806b817446447e3b50f5bc85ff497e1'
 '7303ee20690449db8c168df3fe008bc5']"
d19a57bca2c14fc9c2bf5058958380fd,"['a51d063ad4c744049edb359eb88407b7' 'b67268f90338474e8e53b9a6715b6833'
 'acb53370e72b4430a752d9ea18c17352' 'a8738c7de11543df930169741381c252'
 '3f8b5b2727924ba0b62e6286063b6861' 'bb5010633113442eaf814852995cfa22'
 '9eb8c635538243a690366f8bc1de34e0' '050c5b770d51409cb40f9c52f02d1329'
 '9e12f514d26d48dfab65807568a6cff9' '97f98b1623104f48aa93196a1f7dede2'
 '87718ef799a34104b6ef9c2df6621cbc']"
6f92ce3fcd05dd5697ded83586f7bc08,"['07d501edd4614e1d9d08d01b702688a3' '16911c51c65b42f8a2d04c05f45b2c58'
 'fc3f77f29574410d991a2aa333950bf6' 'a102d091986749ef90b45d411e707bef'
 '32e343c0ae454660bdfcd1d3133baf0a' 'e38eb1698900424bb7392a74ff0f3351'
 '0f642f63d4af4fc38298822bfc952719' 'e017ad1f09b049a7ad41d5a11dc1e3d9'
 'd45dea925f8d4e7e93d0e17317001eec' '6ef76e963a564dbe9c9feff4f8ce1683']"
6335601c6ec22bd6f15c8b69c26f854b,"['2f1c535a14b14758bf1cacca81c74878' '3b78cc7ce8224afcab3e4bbe550cde10'
 '29ec9dd9f5864170a7e75c46c11c0090']"
c7669e6a1add9a2829b09196256b1492,"['a7c2a64e06374091adce74adb36801ab' '107568a67cac472c89dfce4bbe11157c'
 '3d78aa9d14714ac189e4020f78b15d24' 'efaa386bd5e9454b87e1851cd8b28ac3']"
85eff07c379a9dc24db0edb983acf3c9,"['107568a67cac472c89dfce4bbe11157c' '073241be9b6a4952ad01dd14b94fb89c'
 'f7ac6bc4a9ca4250ad29a3adb5d08657' 'ac2ee54e75a2492c8db372dadfccd083'
 'ee895ad0b8cd40c29465e8527748d847' 'fe38c996c2d64bc899eabd6389034075']"
ed433e2f5d5387b47376eb0e45ca1c99,"['aa247540e90d4a7abc5bca6fafaaffa1' '34537afa1e954e08bdb52ead3a49e2f3'
 'ae043af0299f4b32a98cf187efd2a5db' '6016863be3414d5a92397f2d45fdfd78']"
3fc3718256cb7f614fcde622af2ed912,"['c0e28ae832c94405b8ddd4d2ad978be5' '7a4573a19ef94e25b4480cb4d953ae7a'
 '05f6639803524537b67a7f2b0c66ad23' '21bfd14cbc1f4cbc8ac59f7fd8c75b31'
 'c19cf2d7b067421990ab9f3acec9e736' '3e1981b9301c4d339a9228ae7a089a04'
 '0948efa844814529b4c023aacbc23d64' '0ec4ad4398a8457ab3d71bd2561858dc'
 '3c06988555334a389eab093f98679e85' '81ceb8db419b4697ad24e9d7f46422ff']"
e31d2d134cf501c93f9445914d7350f9,"['fcdc0cc5ff93453eb0b94b9254760999' 'd03eb34a0612420680555ab9f10d03d5'
 'b066746cdff7440c8a3591f0c098201d' '1e2eded8ef7b4b458c33fbc2d36c4380']"
d2399fd0aae5bd200639806ca87184f8,"['fd05d8198d0947b39b8fa1b16f3ecf5f' 'b54436ccc23745c88d24edcc3fdd8ed1'
 '977c895bb98d4136a76e8749533154b6' '8d75cfea884248aba1f372de5e1b82a9'
 '90f4ee186bcd4996ad8002888569fffc' '4bb78401581b4240b0967309e96af00b']"
5e2933c9646c751e6a60c9de12a255f2,"['d984f08ad62f47ab9aabb9aeec1b245e' '43603c7868164ac38c659bce7a77f45a'
 '54a20cc6062d4b7193d023b6ff20461f']"
d39abd5380fb3fe0468ea1e122512091,"['6bb190069a704ccca3d8e1648a384185' '47d2036509bf408095ab440bd052ac24'
 '25c968bf5a4f48369fded6c260f71540' '269b441634a144219f539202309bc9fb'
 'd0baf2392635468db7f5657f89eb2024' '4f29bcf5377d4c9f94ff3f8ca2f8d941']"
aed2ea39de8a027cc818c7f4557f0514,"['e7072a582d9b4c1ea8b171ee940d4d6e' 'cb6fcf84e3d04ef59b01f97ac94823a1'
 'c8f3e6cadcf34c8fafe8987e4a9b66f8' '26c9c44e5059429bb8abc3308bc6c814'
 '697fb824eef34759852f1d5588921aec' 'b872fcc5b18a4f32b976f4693f22e88e']"
5d04129d46662571f635a4e63cb4d6b7,['97a21db5f5954e2c8868b298a3f0090e' '8a9247ee9bac45bdbf69c9d0bb8419b5']
5a5a94f85dfc4d119ebb87f3037fd1cc,"['26c9c44e5059429bb8abc3308bc6c814' '7cea9903153f43b895c0b23d25bc90a3'
 '8302a03f6ede471bb955c0bbf44a4b3c' 'a02263dd89964a1c8ab2d0e9aba0f4eb'
 '6b7aa6ce4cac4edbaaab831286e67e5e' '655d40ea08e348ad94ae49785797da90'
 '254cea99330f4f2aa062c771146da7ea' 'a2836232227c4e3383d166db860cb2a3']"
38feec52b8bfbd3fd8e03635acdaec97,"['cd8d9795f540413390927ea2a9e77c26' 'c5fac1bea509464d9dc934275d938039'
 '45b64fbddd8f4abdb86a9c3c6f53f802']"
e7caf4256ddea71533af1c4c50444146,"['2917f3b478b04ffcacd4b47602f4d0f5' '3984bd063b384901862e68506c77cc68'
 '4137a2c7dd884bc2a8469b7fa937346c' '17c2cc25d00347c3bf2422d4f7a4ad7e']"
e50740c4332fdedb8739773592e2a402,"['60b6bf585ccc477d830d4b69b8c7b62a' '4330f73cb78a4bb39a384eb29112201b'
 '45c4ed77967746e485ec9e52c0dcc0d2' '5eda9074df124f5497f17b61badd52ac'
 '4cf4107b0e2842778aaa658a1a85f3b3' '7f4857f94b4e4e49be7236a42071e167'
 'd21a1fef903f4a399bd3cd366aad3c9e']"
a73d3e7b661743b7583d8a0fd412b6a7,['fc596a598ff74a4c843e405b597551b5' 'e2aacff6b4404574b818e7a3ece57b5b']
f3a07680cbe8ab1f6055369da05f4f38,"['64be9b98299f4d349e0f4358685ca235' 'd221b743a51d464b87de3b72b85f6b59'
 '0119f233c8394b9584e55fadcce173f0' '2c2392247a35456da663adfcffd12e73'
 '167a32ff67ce4471baa8cf019ee7c17b' '556fba72a0854ce4831f6cfea6fd035e']"
88847c4d3e6c5a64a5b44d9d99d06237,"['86cd53087b2542f898d6cecca31e6145' '5dc3480806b04fdd8089a3be46e22540'
 '50c91820a91f488d8606198540aba894']"
3900d15a5f3ace358fc06038c34cdf79,"['a38eace89e7e40de8f007fde24597e9e' '4728bf0cb7564bbd85c90ceaa846f290'
 '372f78df13f9452b84d898c703a1ba95' 'a10b8fad74744ae981747dadf7234b78'
 '0c0f2d8c623949f1ae89c67d0753aeab']"
cbfd4a09b266218f64dc6e6d80f8a77e,"['b680be879404440885b1d3af5b9af583' '4cc609b1a64a442aac6b72078a315ac6'
 'a3ee323c9c9a4f81b5907030122b80d2' '3f5e9927a4114a958d75f5ed313526a8']"
2a5e1212b351d63d059ba1a1dec2811f,"['19aa5f0b738c4f4a96668c80c3e93331' 'f8402b10349f4db888ac4fb6fd81723a'
 '5927f9089289429da4adf2bbd5641e44' '60724b8b268044b69a4b3d939f1757e2'
 'd931685d35e149909472f736114ca62f' 'ea27218042d640fd81c23eb64aff6b46'
 '9e5d626681094933abf87cf797f2fa46']"
b83d819b03401fb8332316960610e5d6,['545358ff14f84601a22e9f39f5ef1534' '1b0e7dbc7c5944a7833f6540bde1fa4f']
7383c69e93bb8c8648181f5355d2c9a7,"['5d507985f2f540d8a1fa2d1191eae2a8' '5fa2eec73bec481b85eba22ea7a2a927'
 'e6aa5eedca984c56b5fa5e179127951d' '1c4bd4ba4ef64a93acd55faa8fd97ca9'
 '5b85c70d578c4d67b5cb4743552bd559' '956113fb770840c38bce65bb5832f988']"
251e8d332b451d900df961cbe215bca0,"['c59e3e931b0f4cf888c2eb70857ee753' 'd1e9c550a0e74c48ae81c319f26ccafc'
 '3730b5d759ba4fd28a54af0a02151f09' '82b7f7c27e2348f880c94ffb80942de7'
 '0980c4f558654466b4d691d0cb7ce16d' 'f1e47cf5daa441649c3474c3339bb704']"
ccd2de9e2219521fbca779843c65af58,"['305b80bb4df5488b8a34129daeeae0c7' '66fa0de756da440bad8da583306410c4'
 '405e9907440d4deab71f3960ae36f47b']"
493f38f41b89e767fc23d84e1fa5ba20,"['16911c51c65b42f8a2d04c05f45b2c58' '1161272728914953b568f384d7a9f2f1'
 'f09c82eb89944ae9846df82135123b90' 'e13eb574e885414b80f0b66992767ef2'
 '93f4140f654e41ccba908c6f6dc65f17' 'ded3a49efdf6479a991cad53d0758cf4'
 '816fceb7e1ca4b5d9277368f78e6ed80' '50539d4503a4495097f49a8ed83e2462'
 'd6f67aa7ef0e4a19bf5830e777aafea5' 'bbf61f9cd3e14f46a010d704e86be008'
 '5d34e587bd2f41dba285e9178f179577' '901b491be7344401b4544ff05e591a0e'
 '710ed70c346342ff81ccf205e30271bb' 'd78ce7696ff14234a544de945ffe40d6'
 'e9c7a1d505b14229afbbef7c0d04751e' '0970f08f3d1a4d638d44e2ccb9237382'
 '8f10c11ecb5142029869025521c73431' '6fce354faa104fe58ba8a565eb3c43f2'
 '20585e9a43c04375aa334e946e2dd144' '505ab840f6cc4fa6a839ebfe82d255ed'
 '0f642f63d4af4fc38298822bfc952719' '5cbced0ba7044b7490f520a436261c57']"
a6bcb4514cb6de67e3d74ad0ea62452d,"['4f847eb72cbe48678d5634dcf93fc0e2' '855c57eecf2a45c7aab02ff1ac36938d'
 '1c8bad73fda646f8b3f413e432f0e351' '7e75749d13d24321b8b10c5be0138805']"
919cb44d9688a14bf48fa7c98163ed81,"['829e64159ae04301982e88e93a2f0e49' 'cf37d3d4bc154f65b3d79c831c587763'
 '4b4fce341d554012bc73d7886860749e' '9f6e7a08bd814d19b45fac58928027f8']"
85e50a4d70697a2c4420e7a9fc82f22d,"['ff9410fed5e64c04a875e040e3d182b2' '61f26f8850504d56a6b7cd764c33299d'
 'd4456fac0ada4b6fbe3cfee873403d00' 'd95acc24180c47caa34114627d501592'
 'f4753ab09adc42a9a52754e95440d4b9' '12f5a7c56b454a3d8aae97f65908f96b']"
76d9dcb9a27c2caea1f46bb5050851c6,"['9fd31a28e1384b40a9d1658a765871cd' '5c20b469b92446dabb1b68976807be7c'
 '09294e8220a445e288ea8841f234a440' '62afe93767684ea38f861d20fb05ff71'
 '8fc1fbff7e6c459c93ce2c2f5a62226e']"
a3e5bacdf64bcaf080a04c7dd8218484,"['3280fc12ef414827838e6ac7089f0618' '97958ed004f645b1b331fa0e66faa313'
 '48129b4ee99f4e30843fd4395d4815c0' '15e66e10d12f4520abca20985d2cb39c'
 '2a271d9b5d7b46fea4046d5590eed1d7' '99e372089bed4a0394af57175679f8e4']"
f239de6498e0f471bf418974c00f1e36,"['245a56f01d1b48a7b4d88ed0e354155a' '75ef3591790a49748154ddbba20e9cdf'
 '58b7f26cb17b4b2283d3cacbaed15cfc' '277cdf13617e47ca883b949f495bc243'
 '26080c121c9645b2bb258e4d61d47672' 'ee91a06f13b4495f95c800a0c7329ef7'
 '6ed8b67be79242e98aa1b9283431d5df' '40c2425cb1c34c1591f7cb89f9f5e0bf']"
647be47c939b4d72f1c0b29a2e0d2cb2,"['20a79ddd91ba48e4bb7bc194c79baaf6' '354cea4f6e164a48ad12122c28a5b30d'
 '57e00d4d4e0e4679a150f048deb80af3' '1474a72a5cff4b72ae6f99e804ceaa95'
 '7983bfa8d173414685272b3844d6612e' '0522f6580b824bc39792b695fc8be66b'
 '580fd6d19460460fa40613f66b3ee200' '84f4684a7a5241c18bb087ccb00550d3'
 '236dd7dce9ee4cf5918fddd44b4863e5' '7dccecb29d3a419093b279b22e207539']"
853bfe9a74a916130a20f81506bcaf09,"['5b89f0d8101c419b86e1959cca2db848' 'cdb407fc600b45caa6f94f82e89d2e4f'
 '7f4905fcb43e4d6ca23e6d2b40f6958e']"
3c66b7e86b3675fce14fe0047ae731aa,"['738fda68df7a49a0bae96673a8711afc' '9607ba4a796f46be8d4f79bc7065d60b'
 '236dd7dce9ee4cf5918fddd44b4863e5' '9e92fed814a64d9d88bfab9a227859d3'
 '7dccecb29d3a419093b279b22e207539' '89857eb61e63461cbad7c5014f5098f9'
 '7b2e7a0d910c4988a7b64489f4159a65' '38630cf0996f4cff8d32b2dbdaa5ba85'
 'bd0fb68ac7014b91a314c93ec55897f5']"
b70cb2eda62c6afad9e8d22daafe61cc,"['f91e7c9600ca4623a8cc4a56d2dccd07' '3af2a8619c394be6adf06e4bc742b7ec'
 'd07207b853c14504a44eea1d4778f902' '406822a1a01a4140baf9bbf1d479f07e'
 'fe47ba3762ae4feda39904d59cbb4160' '53032c2afcb5474a88446ad7c5506980'
 '5c66a88612a245cb91fbba9c094f12fc']"
f135654a3c057c66b9e5f97a960d302f,"['45c42e619f5e488f914608780dcf0579' '2b3bea0d9ede41f193828526bcb8e02c'
 '6b2586cc1f8e4dc8af64913af63d9837']"
3900b87693f02c43b4294e38647eb7cd,"['d4e043cf972c4d129b6b855f1731caae' 'e0d63137270c426dbbfe7fcf78c474de'
 'c50bca18bc454a98b935df012b7fd6f9' '434b133c64bd46219e67c6eb296ad0ff'
 'cb895bf7e7c147e6b5d923b6c8f67d63' '04b3ae04020349a9bc568f26d17eab14']"
6839baed839d7a5e837af1da93e462e5,"['87776e869a01402499a317cb9cf09453' 'bbc4d367c60f41ad8a279c12e5cc7da6'
 '9a1aff251eda416ea6270e6158e663fc']"
1b24101de07b1c195448240237b84b37,['e6ee83249adf4e14b98d1676b1c6b05f' 'b8bb28a7a9624b6d805be89adfe29eb5']
e01c546120a27319dcbdf7a6b89bab26,"['e368f8e9c9864acc880fdb5113631f3f' '1064a663ca4742a78e743128546f6d87'
 'b4c54fb7ce0b4b77afd5fbe5a8a2527f' 'c8b60cdb74104667b5d2b4b70d74d039'
 '333e294d7cc34df4abc47ad9ced3d186']"
53f1b5ad1d2f4ee5dfb53a8f1ff3ec14,"['798f739abfc14a13bf3911d0a9cfb63b' '3105de8188fd41d88d0dbf0a5d48e443'
 '8108dde0e62a48008a270138a690a0b9']"
765d8a78606fe81a03a0da4f7ff231fa,['7a9e50846c274338ab09e7313b540edb' 'b268cc3ef860434ba663dd46af633cc5']
cde833db73c46ca28f08e35195134441,"['7823b4c5b3364c5f890d05f33a46bdde' '183f3a0b73ff41c5bb4a19fd7adf0c1d'
 '392e06f17d724484a9cfb85fe69aac50' '6f49e00cdac04a358173ecd40351ee00'
 '3fef96af4ec343da8c34f8b09518de8a' 'bd403eff654e42c997e5656a2b1c1a20'
 '5763d829837144f199fac2b490b38110' '234c6f1859f0405ab607f0be53e7b06c'
 '21800eab85b94d4880bcada7a60763e5']"
81f57cf867ea246ad9a6e794ed613375,"['61f26f8850504d56a6b7cd764c33299d' 'f8fd3fcf650b47b2b1692506ebe77762'
 '95f79ff0b8a34080ae2ac8448ce561f1' '8733d4602c084e1cab1384dde0306abf'
 'fd8c8b7e3b9248abb1d8cb8958ab86d3']"
10d01d36390b307a63fd5bc97d8682c0,"['f8fd3fcf650b47b2b1692506ebe77762' '039594428123415f95deb246f5097169'
 '8123eee04a3a4c779f03bdb85de99f9f']"
827fd80da359cf05b091c24e465dd05d,"['0e3c66c25d7e43a7960c37d28315e5d8' 'a0e0d5b7db9f4efcb5277856db799775'
 '3f85dab93736440f9776020b6410aa9b' 'e36a0e3901864a7eaa5f5ad4280a6471'
 '05bfaf60aa304a288e6789443bd6fd6c' '6097e047a74d41ca996a0b7949ef6f0e']"
56506e2d064c0732efa3cf418057edfd,"['59b21508be904875af22b5c1cfdcd211' '4b0efcd54efc40e8a884ac6c31deada2'
 'e257439ce5be47a88faaeb0fe01bc4a1' '067b9486d59f45d2963235220f723a41'
 '87c46c7ead5447bc8309ab116a316959' 'f607d795f00347109cab3b2370c414f7']"
2011f03f21e526cf9277c27bf3e68242,['8f0610c89e9f42e9b8c3d8a947fa2852']
